RUST_MIN_STACK=8388608 NEXTEST_PROFILE=local cargo nextest run --no-fail-fast "$@"
warning: in config file .config/nextest.toml, ignoring unknown configuration keys:  profile.local.inherits
   Compiling predicates-core v1.0.9
   Compiling difflib v0.4.0
   Compiling anstyle v1.0.13
   Compiling termtree v0.5.1
   Compiling regex-automata v0.4.13
   Compiling predicates-tree v1.0.12
   Compiling codex-hepta-prompt-registry v0.0.0 (/dev/shm/hepta-round2-99c8d2276f89/checkout/codex-rs/hepta-prompt-registry)
   Compiling predicates v3.1.3
   Compiling wait-timeout v0.2.1
warning: use of deprecated function `evaluator::evaluate_candidates`: new integrations must use evaluate_candidates_with_policy and NduEvaluationReceiptV2
  --> hepta-ndu/src/lib.rs:50:20
   |
50 | pub use evaluator::evaluate_candidates;
   |                    ^^^^^^^^^^^^^^^^^^^
   |
   = note: `#[warn(deprecated)]` on by default

warning: `codex-hepta-ndu` (lib) generated 1 warning
   Compiling codex-hepta-learning-artifacts v0.0.0 (/dev/shm/hepta-round2-99c8d2276f89/checkout/codex-rs/hepta-learning-artifacts)
   Compiling codex-hepta-infer-core v0.0.0 (/dev/shm/hepta-round2-99c8d2276f89/checkout/codex-rs/hepta-infer-core)
   Compiling bstr v1.12.1
   Compiling assert_cmd v2.1.2
   Compiling codex-hepta-kg v0.0.0 (/dev/shm/hepta-round2-99c8d2276f89/checkout/codex-rs/hepta-kg)
   Compiling runfiles v0.1.0 (https://github.com/dzbarsky/rules_rust?rev=b56cbaa8465e74127f1ea216f813cd377295ad81#b56cbaa8)
   Compiling codex-utils-cargo-bin v0.0.0 (/dev/shm/hepta-round2-99c8d2276f89/checkout/codex-rs/utils/cargo-bin)
   Compiling codex-hepta-prompt-optimizer v0.0.0 (/dev/shm/hepta-round2-99c8d2276f89/checkout/codex-rs/hepta-prompt-optimizer)
   Compiling codex-hepta-neuron v0.0.0 (/dev/shm/hepta-round2-99c8d2276f89/checkout/codex-rs/hepta-neuron)
   Compiling codex-hepta-context-compiler v0.0.0 (/dev/shm/hepta-round2-99c8d2276f89/checkout/codex-rs/hepta-context-compiler)
   Compiling codex-hepta-cognitive-read v0.0.0 (/dev/shm/hepta-round2-99c8d2276f89/checkout/codex-rs/hepta-cognitive-read)
   Compiling codex-hepta-shadow-qualification v0.0.0 (/dev/shm/hepta-round2-99c8d2276f89/checkout/codex-rs/hepta-shadow-qualification)
   Compiling codex-hepta-contracts v0.0.0 (/dev/shm/hepta-round2-99c8d2276f89/checkout/codex-rs/hepta-contracts)
   Compiling codex-hepta-intelligence-eval v0.0.0 (/dev/shm/hepta-round2-99c8d2276f89/checkout/codex-rs/hepta-intelligence-eval)
   Compiling codex-hepta-intelligence v0.0.0 (/dev/shm/hepta-round2-99c8d2276f89/checkout/codex-rs/hepta-intelligence)
   Compiling codex-hepta-learning-ledger v0.0.0 (/dev/shm/hepta-round2-99c8d2276f89/checkout/codex-rs/hepta-learning-ledger)
   Compiling codex-hepta-bellman-operator v0.0.0 (/dev/shm/hepta-round2-99c8d2276f89/checkout/codex-rs/hepta-bellman-operator)
   Compiling codex-hepta-types v0.0.0 (/dev/shm/hepta-round2-99c8d2276f89/checkout/codex-rs/hepta-types)
    Finished `test` profile [unoptimized] target(s) in 13.64s
────────────
 Nextest run ID bdb61491-7877-4f35-ac95-a16975e67e79 with nextest profile: local
    Starting 811 tests across 8 binaries (4 tests skipped)
        PASS [   0.004s] codex-hepta-bellman-operator authoritative_tests::target_host_profile_has_statistically_meaningful_minimum_sample
        PASS [   0.004s] codex-hepta-bellman-operator authoritative_tests::mutation_persisted_payload_cannot_reuse_the_selected_pin
        PASS [   0.004s] codex-hepta-bellman-operator authoritative_tests::mutation_cancelled_work_is_rejected_before_fit
        PASS [   0.006s] codex-hepta-bellman-operator authoritative_tests::mutation_profile_digest_covers_runtime_and_error_budget
        PASS [   0.006s] codex-hepta-bellman-operator budget::tests::explicit_context_propagates_cancellation_to_worker_thread
        PASS [   0.006s] codex-hepta-bellman-operator budget::tests::inherited_context_spans_composite_suboperations
        PASS [   0.007s] codex-hepta-bellman-operator budget::tests::concurrent_memory_reservations_share_one_absolute_ceiling
        PASS [   0.004s] codex-hepta-bellman-operator budget::tests::nested_context_restores_outer_cancellation_domain
        PASS [   0.004s] codex-hepta-bellman-operator budget::tests::operation_budget_is_cumulative_across_worker_meters
        PASS [   0.004s] codex-hepta-bellman-operator final_use::request_tests::accepted_requests_do_not_retain_caller_vectors_spare_allocation
        PASS [   0.005s] codex-hepta-bellman-operator budget::tests::worker_cannot_expand_an_already_bound_budget
        PASS [   0.007s] codex-hepta-bellman-operator budget::tests::matching_work_control_preserves_capability_issue_time
        PASS [   0.004s] codex-hepta-bellman-operator final_use::request_tests::negative_measurements_cannot_reach_world_final_use_capability_admission
        PASS [   0.004s] codex-hepta-bellman-operator final_use::request_tests::world_request_rejects_outcomes_the_transition_fitter_cannot_consume
        PASS [   0.005s] codex-hepta-bellman-operator final_use::selected::tests::completed_work_is_rejected_when_selection_expires_during_operation
        PASS [   0.004s] codex-hepta-bellman-operator final_use::selected::tests::selection_clock_overflow_fails_closed
        PASS [   0.004s] codex-hepta-bellman-operator final_use::selected::tests::frozen_host_clock_cannot_extend_the_selection_window
        PASS [   0.003s] codex-hepta-bellman-operator final_use::tests::selected_tabular_cannot_relabel_training_trust
        PASS [   0.014s] codex-hepta-bellman-operator budget::tests::explicit_context_preserves_one_deadline_across_dispatch_delay
        PASS [   0.007s] codex-hepta-bellman-operator final_use::selected::tests::elapsed_work_after_forward_host_observation_is_retained
        PASS [   0.005s] codex-hepta-bellman-operator final_use::tests::selected_tabular_clock_cannot_reset_across_loads_or_revive_after_expiry
        PASS [   0.003s] codex-hepta-bellman-operator final_use_hardening::tests::capability_issue_at_deadline_fails_closed
        PASS [   0.004s] codex-hepta-bellman-operator final_use::tests::selected_tabular_load_and_repeated_predictions_retain_selection_window
        PASS [   0.004s] codex-hepta-bellman-operator final_use::tests::selected_world_model_expires_with_selection_before_model_retention
        PASS [   0.004s] codex-hepta-bellman-operator final_use_hardening::tests::cancellation_at_publication_guard_rejects_completed_work
        PASS [   0.005s] codex-hepta-bellman-operator final_use_hardening::tests::effective_now_preserves_later_host_time_and_rejects_overflow
        PASS [   0.004s] codex-hepta-bellman-operator final_use_hardening::tests::final_use_window_is_strictly_before_deadline
        PASS [   0.004s] codex-hepta-bellman-operator final_use_hardening::tests::use_at_deadline_fails_closed
        PASS [   0.004s] codex-hepta-bellman-operator final_use_hardening::tests::publish_before_use_is_clock_regression
        PASS [   0.004s] codex-hepta-bellman-operator final_use_hardening::tests::use_before_capability_issue_is_clock_regression
        PASS [   0.006s] codex-hepta-bellman-operator final_use_hardening::tests::monotonic_fit_context_elapsed_time_cannot_reset
        PASS [   0.008s] codex-hepta-bellman-operator final_use_hardening::tests::elapsed_deadline_boundary_and_overflow_fail_closed
        PASS [   0.005s] codex-hepta-bellman-operator legacy::admission::tests::malformed_candidate_payload_is_candidate_global
        PASS [   0.004s] codex-hepta-bellman-operator legacy::admission::tests::payload_authority_failure_stops_the_consumer
        PASS [   0.003s] codex-hepta-bellman-operator legacy::admission::tests::revoked_evidence_requires_fresh_owner_admission
        PASS [   0.005s] codex-hepta-bellman-operator legacy::admission::tests::unsupported_cells_abstain_without_invalidating_the_candidate
        PASS [   0.057s] codex-hepta-bellman-operator legacy::authenticated::tests::op_02_signed_applicability_requires_authenticated_independent_evaluator
        PASS [   0.080s] codex-hepta-bellman-operator legacy::authenticated::tests::op_02_signed_regularity_binds_evaluator_identity_and_exact_assessment
        PASS [   0.087s] codex-hepta-bellman-operator legacy::dataset_bound::owner_tests::capability_issuance_tests::retained_issuance_evidence_reserves_shared_memory_until_capability_drop
        PASS [   0.122s] codex-hepta-bellman-operator final_use::request_tests::tabular_constructor_rejects_oversized_or_impossible_signed_profile_before_cloning
        PASS [   0.059s] codex-hepta-bellman-operator legacy::dataset_bound::owner_tests::owner_dataset_rejects_oversized_signed_rows_before_canonicalization
        PASS [   0.009s] codex-hepta-bellman-operator legacy::dataset_bound::owner_tests::terminal_trust_tests::terminal_elapsed_clock_overflow_stops_the_consumer
        PASS [   0.129s] codex-hepta-bellman-operator legacy::dataset_bound::owner_tests::capability_issuance_tests::world_issuance_revalidates_model_retention_after_owner_verification
        PASS [   0.143s] codex-hepta-bellman-operator legacy::dataset_bound::owner_tests::owner_dataset_signed_freeze_and_rows_reach_real_trainer
        PASS [   0.236s] codex-hepta-bellman-operator legacy::dataset_bound::owner_tests::capability_issuance_tests::tabular_issuance_revalidates_root_and_evidence_after_owner_verification
        PASS [   0.178s] codex-hepta-bellman-operator legacy::dataset_bound::owner_tests::terminal_trust_tests::terminal_owner_training_revalidates_distribution_at_prepare_verify_and_fit
        PASS [   0.235s] codex-hepta-bellman-operator legacy::dataset_bound::owner_tests::owner_proof_expires_before_fit_and_reordered_rows_keep_same_signature
        PASS [   0.277s] codex-hepta-bellman-operator legacy::dataset_bound::owner_tests::signed_training_rejects_config_target_duplicate_epoch_and_signature_substitution
        PASS [   0.015s] codex-hepta-bellman-operator legacy::dataset_bound::tests::op_06_tabular_fit_requires_exact_frozen_dataset_evidence
        PASS [   0.011s] codex-hepta-bellman-operator legacy::dataset_bound::tests::op_06_world_model_requires_exact_frozen_dataset_evidence
        PASS [   0.028s] codex-hepta-bellman-operator legacy::dataset_bound::tests::op_07_row_semantics_payload_binds_every_tabular_field
        PASS [   0.314s] codex-hepta-bellman-operator legacy::dataset_bound::owner_tests::terminal_trust_tests::terminal_projection_expiring_during_fit_rejects_completed_work
        PASS [   0.442s] codex-hepta-bellman-operator legacy::dataset_bound::owner_tests::expiry_tests::tabular_row_evidence_expiring_during_fit_rejects_publication_before_deadline
        PASS [   0.007s] codex-hepta-bellman-operator legacy::dataset_bound::tests::op_07_world_model_payload_binds_transition_semantics
        PASS [   0.003s] codex-hepta-bellman-operator legacy::learned::tests::direct_predictions_reject_malformed_and_impossible_statistics
        PASS [   0.003s] codex-hepta-bellman-operator legacy::learned::tests::op_05_default_fit_rejects_relabelled_duplicate_evidence
        PASS [   0.009s] codex-hepta-bellman-operator legacy::dataset_bound::tests::verified_inputs_reject_relabelled_duplicates_before_fitting
        PASS [   0.009s] codex-hepta-bellman-operator legacy::learned::tests::direct_prediction_preserves_full_range_and_ties_even_fits
        PASS [   0.004s] codex-hepta-bellman-operator legacy::learned::tests::op_05_tabular_prediction_is_synthetic_and_domain_bounded
        PASS [   0.006s] codex-hepta-bellman-operator legacy::learned::tests::op_05_tabular_operator_fits_complete_grid_deterministically
        PASS [   0.007s] codex-hepta-bellman-operator legacy::learned::tests::op_05_tabular_operator_rejects_missing_or_underfilled_cells
        PASS [   0.003s] codex-hepta-bellman-operator legacy::learned_strict::tests::op_05_indexed_prediction_uses_canonical_grid
        PASS [   0.004s] codex-hepta-bellman-operator legacy::learned::tests::training_identity_commits_executed_sample_threshold
        PASS [   0.143s] codex-hepta-bellman-operator legacy::dataset_bound::owner_tests::world_final_use_request_cannot_relabel_authoritative_training_trust
        PASS [   0.005s] codex-hepta-bellman-operator legacy::learned_strict::tests::op_05_strict_fit_rejects_relabelled_duplicate_evidence
        PASS [   0.008s] codex-hepta-bellman-operator legacy::loaded::tests::actual_fit_serializes_and_predicts_with_no_mutable_loaded_surface
        PASS [   0.178s] codex-hepta-bellman-operator legacy::dataset_bound::owner_tests::trust_window_tests::world_retention_expiring_during_fit_rejects_effective_publication
        PASS [   0.015s] codex-hepta-bellman-operator legacy::loaded::tests::host_pinning_cannot_admit_impossible_sample_statistics
        PASS [   0.019s] codex-hepta-bellman-operator legacy::loaded::tests::distinct_process_load_changes_prediction_and_rolls_back_without_retraining
        PASS [   0.009s] codex-hepta-bellman-operator legacy::loaded::tests::invalid_statistics_grid_and_authority_cannot_be_encoded
        PASS [   0.012s] codex-hepta-bellman-operator legacy::loaded::tests::independent_pin_and_all_truncations_are_checked
        PASS [   0.004s] codex-hepta-bellman-operator legacy::loaded::tests::loaded_process_predicts_only_the_host_pinned_candidate
        PASS [   0.004s] codex-hepta-bellman-operator legacy::reference::tests::op_01_tabular_reference_produces_exact_targets_and_gaps
        PASS [   0.005s] codex-hepta-bellman-operator legacy::reference::tests::op_01_farthest_point_sensor_core_is_deterministic
        PASS [   0.007s] codex-hepta-bellman-operator legacy::reference::tests::op_02_regularity_admission_enforces_gain_shape_ood_and_error_budget
        PASS [   0.004s] codex-hepta-bellman-operator legacy::reference::tests::sensor_geometry_rounds_coverage_and_mesh_ratio_conservatively
        PASS [   0.009s] codex-hepta-bellman-operator legacy::reference::tests::op_02_applicability_rejects_degenerate_diffusion
        PASS [   0.005s] codex-hepta-bellman-operator legacy::reference::tests::sensor_manifest_binds_unselected_candidate_coordinates
        PASS [   0.007s] codex-hepta-bellman-operator legacy::reference::tests::reference_receipt_binds_source_evidence_and_equal_output_inputs
        PASS [   0.003s] codex-hepta-bellman-operator legacy::tests::deterministic_and_canonical
        PASS [   0.004s] codex-hepta-bellman-operator legacy::tests::duplicate_sample_fails
        PASS [   0.005s] codex-hepta-bellman-operator legacy::tests::invalid_gamma_fails_closed
        PASS [   0.008s] codex-hepta-bellman-operator legacy::reference::tests::sensor_separation_tracks_all_prior_selected_points
        PASS [   0.005s] codex-hepta-bellman-operator legacy::tests::terminal_transition_has_no_bootstrap
        PASS [   0.006s] codex-hepta-bellman-operator legacy::tests::target_builder_uses_signed_nearest_ties_even_like_reference
        PASS [   0.004s] codex-hepta-bellman-operator legacy::training_preflight::tests::all_small_shapes_match_independent_integer_oracle
        PASS [   0.004s] codex-hepta-bellman-operator legacy::training_preflight::tests::exact_signed_profile_boundary_is_admitted
        PASS [   0.003s] codex-hepta-bellman-operator legacy::training_preflight::tests::impossible_support_rejects_before_work
        PASS [   0.003s] codex-hepta-bellman-operator legacy::world_model::tests::world_model_identity_binds_exact_rows_and_is_permutation_invariant
        PASS [   0.006s] codex-hepta-bellman-operator legacy::world_model::tests::op_04_prediction_is_synthetic_and_unsupported_pairs_abstain
        PASS [   0.006s] codex-hepta-bellman-operator legacy::world_model::tests::op_04_world_model_rejects_relabelled_duplicate_evidence
        PASS [   0.003s] codex-hepta-bellman-operator legacy::world_model::tests::world_model_predictions_reject_modified_fitted_statistics_and_lineage
        PASS [   0.008s] codex-hepta-bellman-operator legacy::world_model::tests::op_04_transition_model_is_action_conditioned_and_probability_exact
        PASS [   0.004s] codex-hepta-bellman-operator legacy::world_model::tests::world_model_rejects_duplicate_samples_and_invalid_outcomes
        PASS [   0.010s] codex-hepta-bellman-operator legacy::world_model::tests::world_model_prediction_checks_resource_caps_before_integrity_work
        PASS [   0.006s] codex-hepta-bellman-operator profiles::tests::world_model_profile_digest_binds_sensor_core_identity
        PASS [   0.003s] codex-hepta-bellman-operator sensor_core_qualification::tests::full_input_geometry_rounds_up_and_accounts_for_persistent_candidate_copy
        PASS [   0.006s] codex-hepta-bellman-operator sensor_core_qualification::tests::clustered_outlier_cannot_hide_behind_working_set_geometry
        PASS [   0.006s] codex-hepta-bellman-operator sensor_core_qualification::tests::full_input_digest_is_order_independent_and_content_sensitive
        PASS [   0.003s] codex-hepta-bellman-operator sensor_core_qualification::tests::full_input_geometry_work_is_budgeted
        PASS [   0.014s] codex-hepta-bellman-operator sensor_core_qualification::tests::low_dimensional_manifold_is_checked_against_every_input_point
        PASS [   0.013s] codex-hepta-bellman-operator sensor_core_qualification::tests::semantic_receipt_reports_exact_and_reduced_modes
        PASS [   0.522s] codex-hepta-bellman-operator legacy::dataset_bound::owner_tests::expiry_tests::world_row_evidence_expiring_during_fit_rejects_publication_before_deadline
        PASS [   0.013s] codex-hepta-bellman-operator sensor_core_v2::tests::byte_budget_rejects_before_coordinate_index_construction
        PASS [   0.015s] codex-hepta-bellman-operator sensor_core_qualification::tests::qualified_build_preflights_bytes_before_cloning_and_coordinate_indexing
        PASS [   0.003s] codex-hepta-bellman-operator sensor_core_v2::tests::duplicate_coordinates_reject_without_pairwise_scan
        PASS [   0.004s] codex-hepta-bellman-operator sensor_core_v2::tests::exact_profile_preserves_canonical_fps
        PASS [   0.003s] codex-hepta-bellman-operator sensor_core_v2::tests::exact_v2_manifest_matches_reference_conservative_geometry_and_input_binding
        PASS [   0.004s] codex-hepta-bellman-operator sensor_core_v2::tests::operation_budget_fails_before_expensive_fps
        PASS [   0.019s] codex-hepta-bellman-operator sensor_core_qualification::tests::reduced_mode_is_deterministic_and_fails_closed_on_geometry
        PASS [   0.003s] codex-hepta-bellman-operator tabular_v2::tests::bounded_fit_matches_v1_artifact_identity
        PASS [   0.003s] codex-hepta-bellman-operator tabular_v2::tests::byte_budget_rejects_before_fit
        PASS [   0.006s] codex-hepta-bellman-operator tabular_v2::tests::bounded_fit_matches_v1_rounding_and_admission_identity_at_extremes
        PASS [   0.009s] codex-hepta-bellman-operator sensor_core_v2::tests::large_design_records_deterministic_approximation
        PASS [   0.005s] codex-hepta-bellman-operator world_model_v2::tests::conditional_variance_is_zero_for_identical_observations
        PASS [   0.006s] codex-hepta-bellman-operator world_model_v2::tests::conditional_variance_uses_the_exact_unrounded_mean
        PASS [   0.008s] codex-hepta-bellman-operator tabular_v2::tests::long_ids_are_budgeted_before_binding_buffers_are_allocated
        PASS [   0.006s] codex-hepta-bellman-operator world_model_v2::tests::confidence_radius_retains_precision_below_the_variance_quantum
        PASS [   0.004s] codex-hepta-bellman-operator world_model_v2::tests::fitted_estimates_and_branch_storage_cannot_be_mutated_in_place
        PASS [   0.004s] codex-hepta-bellman-operator world_model_v2::tests::memory_preflight_accounts_for_owned_identifier_text_and_input_capacity
        PASS [   0.003s] codex-hepta-bellman-operator world_model_v2::tests::support_and_retention_fail_closed
        PASS [   0.003s] codex-hepta-contracts agent_id::tests::canonical_id_is_stable_across_display_parse_and_serde
        PASS [   0.003s] codex-hepta-contracts agent_id::tests::noncanonical_or_directory_unsafe_ids_are_rejected
        PASS [   0.007s] codex-hepta-bellman-operator world_model_v2::tests::v2_binds_evaluation_and_shares_branch_storage
        PASS [   0.010s] codex-hepta-bellman-operator world_model_v2::tests::predictions_reject_modified_evaluation_lineage_and_work
        PASS [   0.004s] codex-hepta-contracts authbus::b1::tests::b1_identity_wire_is_strict_and_authority_is_default_false
        PASS [   0.005s] codex-hepta-contracts authbus::b1::tests::b1_identity_requires_full_peer_binding_and_derived_subject_digest
        PASS [   0.007s] codex-hepta-contracts agent_id::tests::deserialize_revalidates_untrusted_wire_value
        PASS [   0.006s] codex-hepta-contracts authbus::b1::tests::b1_identity_rejects_same_uid_and_forwarded_unknown_claims
        PASS [   0.003s] codex-hepta-contracts authbus::b2::tests::b2_peer_and_resource_wire_round_trip_is_secret_free
        PASS [   0.005s] codex-hepta-contracts authbus::b2::tests::b2_attenuation_clock_and_advertisement_bounds_fail_closed
        PASS [   0.006s] codex-hepta-contracts authbus::b1::tests::b1_profile_is_exact_default_deny_and_key_generation_forbidden
        PASS [   0.005s] codex-hepta-contracts authbus::b1::tests::b1_registration_requires_unambiguous_algorithm_and_backend_binding
        PASS [   0.003s] codex-hepta-contracts authbus::b2::tests::b2_provider_status_cas_is_fail_closed
        PASS [   0.008s] codex-hepta-contracts authbus::b2::tests::b2_contracts_validate_and_have_golden_digests
        PASS [   0.010s] codex-hepta-contracts authbus::b1::tests::b1_profile_rejects_route_or_descriptor_tampering
        PASS [   0.006s] codex-hepta-contracts authbus::b2::tests::b2_quota_reservation_cas_is_terminal_and_idempotent
        PASS [   0.004s] codex-hepta-contracts authbus::b2::tests::b2_wire_shapes_are_strict_and_authority_defaults_false
        PASS [   0.005s] codex-hepta-contracts authbus::b2::tests::b2_subject_epochs_and_fences_reject_stale_values
        PASS [   0.008s] codex-hepta-contracts authbus::b2::tests::b2_quota_reservation_state_set_matches_registry_v13
        PASS [   0.005s] codex-hepta-contracts authbus::b3::tests::callback_events_require_current_fence_and_reject_stale_without_mutation
        PASS [   0.004s] codex-hepta-contracts authbus::b3::tests::mutation_binding_rejects_epoch_generation_fence_and_payload_tamper
        PASS [   0.007s] codex-hepta-contracts authbus::b3::tests::indeterminate_and_quarantine_forbid_new_refs
        PASS [   0.006s] codex-hepta-contracts authbus::b3::tests::operation_key_and_id_are_deterministically_bound
        PASS [   0.003s] codex-hepta-contracts authbus::b3::tests::retry_budget_error_does_not_partially_mutate_record
        PASS [   0.343s] codex-hepta-bellman-operator legacy::dataset_bound::owner_tests::trust_window_tests::tabular_distribution_expiry_blocks_effective_publication_with_valid_signatures
        PASS [   0.008s] codex-hepta-contracts authbus::b3::tests::raw_secret_fields_and_unknown_fields_are_rejected
        PASS [   0.007s] codex-hepta-contracts authbus::b3::tests::refresh_success_requires_opaque_refs_and_advancing_revision
        PASS [   0.003s] codex-hepta-contracts authbus::b3::tests::status_lookup_is_binding_checked_and_lookup_only
        PASS [   0.005s] codex-hepta-contracts authbus::b3::tests::rotation_wire_shape_is_strict_and_terminal_rules_hold
        PASS [   0.018s] codex-hepta-contracts authbus::b2::tests::b2_quota_reservation_transition_matrix_is_closed
        PASS [   0.006s] codex-hepta-contracts authbus::b3::tests::state_machine_is_fail_closed_after_response_loss
        PASS [   0.004s] codex-hepta-contracts authbus_b4::tests::b4_atomic_hold_and_release_prevent_oversell
        PASS [   0.004s] codex-hepta-contracts authbus_b4::tests::b4_duplicate_and_stale_callbacks_are_side_effect_free
        PASS [   0.007s] codex-hepta-contracts authbus_b4::tests::b4_cooldown_deadline_and_unavailable_states_fail_closed
        PASS [   0.007s] codex-hepta-contracts authbus_b4::tests::b4_authority_flags_and_resource_states_are_explicitly_non_production
        PASS [   0.006s] codex-hepta-contracts authbus_b4::tests::b4_default_denies_unknown_quota_without_mutating_head
        PASS [   0.007s] codex-hepta-contracts authbus_b4::tests::b4_completion_and_release_overflow_are_transactional
        PASS [   0.005s] codex-hepta-contracts authbus_b4::tests::b4_edf_within_subject_and_jain_fairness_are_deterministic
        PASS [   0.007s] codex-hepta-contracts authbus_b4::tests::b4_enqueue_counter_overflow_is_transactional
        PASS [   0.005s] codex-hepta-contracts authbus_b4::tests::b4_grant_counter_overflow_is_transactional
        PASS [   0.006s] codex-hepta-contracts authbus_b5::tests::b5_fsync_before_call_and_crash_recovery_are_lookup_only
        PASS [   0.006s] codex-hepta-contracts authbus_b4::tests::b4_safety_margin_is_counted_once_and_payload_conflict_is_non_mutating
        PASS [   0.006s] codex-hepta-contracts authbus_b5::tests::b5_dispatch_responses_and_lookup_uncertainty_are_explicit
        PASS [   0.005s] codex-hepta-contracts authbus_b5::tests::b5_lookup_terminal_ack_is_bound_and_terminal_replay_is_immutable
        PASS [   0.005s] codex-hepta-contracts authbus_b5::tests::b5_recovery_snapshot_maps_unknown_intent_to_safe_stop
        PASS [   0.005s] codex-hepta-contracts authbus_b5::tests::b5_outbox_dedupe_and_payload_conflict_are_side_effect_free
        PASS [   0.004s] codex-hepta-contracts authbus_b5::tests::b5_reopen_rejects_corrupt_hash_or_missing_fsync_witness
        PASS [   0.348s] codex-hepta-bellman-operator legacy::dataset_bound::owner_tests::trust_window_tests::world_distribution_expiry_blocks_effective_publication_with_valid_signatures
        PASS [   0.005s] codex-hepta-contracts authbus_b5::tests::b5_unknown_lookup_remains_indeterminate_and_blocks_new_attempt
        PASS [   0.005s] codex-hepta-contracts authbus_tests::auth_request_has_stable_versioned_golden_bytes
        PASS [   0.005s] codex-hepta-contracts authbus_tests::lease_cas_epoch_and_permit_binding_are_strict
        PASS [   0.008s] codex-hepta-contracts authbus_tests::auth_request_fences_subject_generation
        PASS [   0.004s] codex-hepta-contracts authbus_tests::source_manifest_accepts_matching_observed_candidate_binding
        PASS [   0.005s] codex-hepta-contracts authbus_tests::revoke_binds_owner_revision_and_epoch
        PASS [   0.005s] codex-hepta-contracts authbus_tests::source_manifest_fixture_is_pinned_and_fail_closed
        PASS [   0.011s] codex-hepta-contracts authbus_b5::tests::b5_unknown_intent_and_stale_fence_stop_without_dispatch
        PASS [   0.005s] codex-hepta-contracts authbus_tests::source_manifest_requires_exact_observed_candidate_binding
        PASS [   0.006s] codex-hepta-contracts authbus_tests::source_manifest_rejects_malformed_expected_candidate_binding
        PASS [   0.005s] codex-hepta-contracts authbus_tests::usage_permit_rejects_subject_generation_mismatch
        PASS [   0.006s] codex-hepta-contracts authbus_tests::source_manifest_rejects_authority_and_unknown_fields
        PASS [   0.004s] codex-hepta-contracts authority_lease::tests::bounded_prune_reclaims_only_expired_unrevoked_leases
        PASS [   0.007s] codex-hepta-contracts authbus_tests::wire_round_trip_is_strict_and_secret_free
        PASS [   0.008s] codex-hepta-contracts authbus_tests::usage_receipt_binds_permit_and_preserves_indeterminate
        PASS [   0.005s] codex-hepta-contracts authority_lease::tests::epoch_rollover_is_the_only_revision_lineage_reset
        PASS [   0.005s] codex-hepta-contracts authority_lease::tests::external_frontier_ahead_after_local_commit_failure_fences_reopen
        PASS [   0.006s] codex-hepta-contracts authority_lease::tests::epoch_rollover_is_durable_and_clears_bounded_history
        PASS [   0.008s] codex-hepta-contracts authority_lease::tests::external_frontier_detects_old_snapshot_and_missing_store_reset
        PASS [   0.006s] codex-hepta-contracts authority_lease::tests::lease_is_durable_verified_and_cas_revoked
        PASS [   0.006s] codex-hepta-contracts authority_lease::tests::production_frontier_cas_detects_restored_local_snapshot
        PASS [   0.006s] codex-hepta-contracts authority_lease::tests::pruned_lease_id_preserves_monotonic_revision_lineage
        PASS [   0.006s] codex-hepta-contracts authority_lease::tests::revoke_retry_reuses_server_owned_timestamp
        PASS [   0.004s] codex-hepta-contracts authority_lease::tests::stale_cas_and_binding_drift_fail_closed
        PASS [   0.004s] codex-hepta-contracts authority_lease::tests::verified_use_witness_binds_current_lease_and_store_revision
        PASS [   0.005s] codex-hepta-contracts authority_lease::tests::token_is_invalidated_by_lease_replacement
        PASS [   0.007s] codex-hepta-contracts callers_manifest_tests::callers_manifest_records_the_live_product_chain
        PASS [   0.011s] codex-hepta-contracts authority_lease::tests::verified_use_releases_owner_lock_before_consumer_code
        PASS [   0.013s] codex-hepta-contracts callers_manifest_tests::g3_intelligence_kg_truth_bounds_qualification_without_hiding_later_candidates
        PASS [   0.018s] codex-hepta-contracts callers_manifest_tests::callers_manifest_entries_are_unique_and_well_formed
        PASS [   0.015s] codex-hepta-contracts callers_manifest_tests::callers_manifest_schema_and_cutoff_are_frozen
        PASS [   0.014s] codex-hepta-contracts callers_manifest_tests::g4_matrix_robrix_truth_matches_paired_exact_candidate_qualification
        PASS [   0.014s] codex-hepta-contracts callers_manifest_tests::g5_bounded_expansion_binds_exact_combined_head_and_stays_evidence_only
        PASS [   0.003s] codex-hepta-contracts canonical::tests::length_delimited_sha256_counts_utf8_bytes
        PASS [   0.011s] codex-hepta-contracts callers_manifest_tests::g5_crash_recovery_ratchet_binds_exact_head_and_stays_fail_closed
        PASS [   0.009s] codex-hepta-contracts callers_manifest_tests::g5_fleet_automation_truth_matches_bounded_candidate_and_stays_fail_closed
        PASS [   0.004s] codex-hepta-contracts final_use::store::tests::legacy_journal_keeps_trust_binding_and_exact_head_checks
        PASS [   0.013s] codex-hepta-contracts callers_manifest_tests::legacy_caller_zero_surfaces_are_explicitly_retired
        PASS [   0.009s] codex-hepta-contracts callers_manifest_tests::qualification_crates_are_excluded_from_product_callers
        PASS [   0.005s] codex-hepta-contracts final_use::store::tests::legacy_single_key_and_key_ring_snapshots_preserve_nonce_claims
        PASS [   0.007s] codex-hepta-contracts final_use::tests::authority_rejects_shared_state_directory_and_symlinked_files
        PASS [   0.016s] codex-hepta-contracts final_use::tests::async_final_use_fence_survives_pending_and_releases_on_cancellation
        PASS [   0.015s] codex-hepta-contracts final_use::tests::capacity_snapshot_tracks_claims_revocations_and_epoch_rollover
        PASS [   0.015s] codex-hepta-contracts final_use::tests::expired_grant_is_denied_using_verifier_clock
        PASS [   0.035s] codex-hepta-contracts final_use::tests::async_effect_entry_rechecks_revocation_and_consumes_the_token
        PASS [   0.038s] codex-hepta-contracts final_use::tests::async_effect_entry_is_denied_if_revoked_after_claim_before_entry
        PASS [   0.037s] codex-hepta-contracts final_use::tests::changing_signed_data_or_substituting_a_key_does_not_authorize
        PASS [   0.032s] codex-hepta-contracts final_use::tests::epoch_change_fences_outstanding_claims_and_old_grants
        PASS [   0.017s] codex-hepta-contracts final_use::tests::external_final_use_frontier_ahead_after_local_failure_fences_reopen
        PASS [   0.015s] codex-hepta-contracts final_use::tests::injected_clock_is_the_only_final_use_time_source
        PASS [   0.018s] codex-hepta-contracts final_use::tests::external_final_use_frontier_detects_restored_claim_snapshot
        PASS [   0.108s] codex-hepta-contracts authority_lease::tests::dispatch_boundary_serializes_revocation_until_local_entry_returns
        PASS [   0.033s] codex-hepta-contracts final_use::tests::replay_state_survives_owner_restart_and_prevents_concurrent_owners
        PASS [   0.036s] codex-hepta-contracts final_use::tests::replay_claims_use_fixed_width_journal_and_state_snapshot_stays_small
        PASS [   0.052s] codex-hepta-contracts final_use::tests::issuer_key_ring_supports_overlap_and_epoch_retirement
        PASS [   0.049s] codex-hepta-contracts final_use::tests::missing_or_truncated_claim_journal_fails_closed_on_restart
        PASS [   0.036s] codex-hepta-contracts final_use::tests::revocation_after_claim_prevents_delivery_and_cannot_be_rolled_back
        PASS [   0.021s] codex-hepta-contracts final_use::tests::revocation_survives_restart_and_missing_state_is_not_reset
        PASS [   0.016s] codex-hepta-contracts final_use::tests::unrelated_frontier_advance_after_claim_requires_a_fresh_claim
        PASS [   0.029s] codex-hepta-contracts final_use::tests::signed_claim_is_single_use_and_delivers_under_same_owner
        PASS [   0.019s] codex-hepta-contracts final_use::tests::synchronous_final_use_rejects_a_concurrent_revocation_commit
        PASS [   0.072s] codex-hepta-contracts final_use::tests::killed_owner_releases_lock_but_keeps_claim
        PASS [   0.039s] codex-hepta-contracts final_use::tests::startup_trusted_head_can_advance_but_cannot_rollback_persisted_revocations
        PASS [   0.031s] codex-hepta-contracts final_use::tests::verified_use_witness_binds_the_actual_consumer_entry
        PASS [   0.032s] codex-hepta-contracts final_use_control::tests::forged_revocation_feed_never_updates_authority
        PASS [   0.006s] codex-hepta-contracts final_use_control::tests::revocation_feed_freshness_fails_closed
        PASS [   0.022s] codex-hepta-contracts final_use_control::tests::independent_approval_binds_exact_grant_semantics
        PASS [   0.005s] codex-hepta-contracts identity::tests::tool_identity_is_versioned_and_length_delimited
        PASS [   0.005s] codex-hepta-contracts learning_operator_protocol::tests::all_registered_views_round_trip_without_native_authority
        PASS [   0.054s] codex-hepta-contracts final_use_control::tests::convergence_rejects_unknown_duplicate_stale_future_and_forged_inputs
        PASS [   0.033s] codex-hepta-contracts final_use_control::tests::revocation_ack_requires_receipt_for_the_exact_applied_update
        PASS [   0.056s] codex-hepta-contracts final_use_control::tests::approval_key_ring_enforces_epoch_windows_and_reports_selected_key
        PASS [   0.019s] codex-hepta-contracts learning_operator_protocol::tests::byte_bounds_cover_objects_fields_and_document_before_parse
        PASS [   0.023s] codex-hepta-contracts learning_operator_protocol::tests::every_semantic_field_changes_transport_digest
        PASS [   0.079s] codex-hepta-contracts final_use_control::tests::convergence_report_requires_every_enrolled_node_ack
        PASS [   0.025s] codex-hepta-contracts learning_operator_protocol::tests::deepest_accepted_constructed_object_round_trips_at_parser_limit
        PASS [   0.025s] codex-hepta-contracts learning_operator_protocol::tests::constructed_oversize_strings_keys_and_branch_fail_before_clone_or_sort
        PASS [   0.009s] codex-hepta-contracts learning_operator_protocol::tests::exact_field_shape_order_and_limits_match_real_registry
        PASS [   0.003s] codex-hepta-contracts learning_operator_protocol::tests::nested_number_tokens_do_not_change_with_unified_serde_features
        PASS [   0.004s] codex-hepta-contracts learning_operator_protocol::tests::typed_numbers_use_exact_registered_widths_without_scientific_admission
        PASS [   0.005s] codex-hepta-contracts learning_operator_protocol::tests::serde_private_members_are_rejected_at_root_nested_and_array_locations
        PASS [   0.003s] codex-hepta-contracts learning_operator_protocol::tests::version_dispatch_rejects_unknown_missing_schema_and_relabeling
        PASS [   0.004s] codex-hepta-contracts memory::tests::attachment_is_always_typed_as_quoted_untrusted_reference
        PASS [   0.004s] codex-hepta-contracts memory::tests::cross_thread_recall_stays_disabled_without_an_execution_witness
        PASS [   0.004s] codex-hepta-contracts memory::tests::deserialization_rejects_invalid_limits_scores_and_request_binding
        PASS [   0.011s] codex-hepta-contracts learning_operator_protocol::tests::nested_object_order_is_stable_and_non_objects_or_deep_trees_fail
        PASS [   0.004s] codex-hepta-contracts memory::tests::memory_ids_and_legacy_nested_bindings_have_fixed_canonical_oracles
        PASS [   0.011s] codex-hepta-contracts learning_operator_protocol::tests::unknown_missing_duplicate_and_noncanonical_fields_are_rejected
        PASS [   0.004s] codex-hepta-contracts memory::tests::inactive_and_expired_revisions_are_not_recalled
        PASS [   0.003s] codex-hepta-contracts provider::tests::ephemeral_input_preserves_lineage_two_identity_and_binds_both_digests
        PASS [   0.008s] codex-hepta-contracts memory::tests::limits_reject_zero_unbounded_and_incoherent_values
        PASS [   0.004s] codex-hepta-contracts memory::tests::ranking_is_integer_and_has_stable_tie_breaks
        PASS [   0.003s] codex-hepta-contracts provider::tests::host_ids_are_hashed_and_bound_without_persisting_plaintext
        PASS [   0.007s] codex-hepta-contracts memory::tests::request_identity_is_stable_and_query_is_only_fingerprinted
        PASS [   0.004s] codex-hepta-contracts provider::tests::orphaned_ephemeral_digest_cannot_alias_an_absent_binding
        PASS [   0.004s] codex-hepta-contracts provider::tests::provider_ids_are_versioned_stable_and_length_delimited
        PASS [   0.010s] codex-hepta-contracts provider::tests::active_provider_wire_rejects_unknown_fields_but_keeps_legacy_optional_decode
        PASS [   0.003s] codex-hepta-contracts provider::tests::request_binding_changes_for_websocket_incremental_semantics
        PASS [   0.004s] codex-hepta-contracts provider_effect::tests::accepted_ack_does_not_prove_effect_completion
        PASS [   0.063s] codex-hepta-contracts final_use_control::tests::signed_revocation_feed_is_authenticated_and_monotonic
        PASS [   0.004s] codex-hepta-contracts provider_effect::tests::conflict_lookup_is_not_a_success
        PASS [   0.007s] codex-hepta-contracts provider::tests::provider_wire_validation_fences_identity_and_terminal_bindings
        PASS [   0.004s] codex-hepta-contracts provider_effect::tests::coordinator_quarantines_unknown_and_never_blind_retries
        PASS [   0.004s] codex-hepta-contracts provider_effect::tests::coordinator_rejects_malformed_ack_provenance_before_adapter_call
        PASS [   0.007s] codex-hepta-contracts provider_effect::tests::coordinator_quarantines_malformed_dispatch_ack_before_returning_error
        PASS [   0.003s] codex-hepta-contracts provider_effect::tests::coordinator_unsupported_capability_never_calls_lookup
        PASS [   0.004s] codex-hepta-contracts provider_effect::tests::default_capability_is_unsupported
        PASS [   0.005s] codex-hepta-contracts provider_effect::tests::coordinator_restored_pending_payload_path_is_quarantined_before_dispatch
        PASS [   0.007s] codex-hepta-contracts provider_effect::tests::coordinator_restored_pending_is_quarantined_before_dispatch
        PASS [   0.007s] codex-hepta-contracts provider_effect::tests::coordinator_unsupported_capability_stays_quarantined
        PASS [   0.003s] codex-hepta-contracts provider_effect::tests::journal_persists_intent_and_monotonic_ack_observations
        PASS [   0.005s] codex-hepta-contracts provider_effect::tests::journal_rejects_late_dispatch_ack_after_quarantine
        PASS [   0.007s] codex-hepta-contracts provider_effect::tests::journal_deserialization_rejects_malformed_ack_contents
        PASS [   0.005s] codex-hepta-contracts provider_effect::tests::journal_rejects_terminal_ack_replacement_and_unknown_lookup
        PASS [   0.004s] codex-hepta-contracts provider_effect::tests::journal_round_trip_is_serializable_without_plain_payloads
        PASS [   0.008s] codex-hepta-contracts provider_effect::tests::journal_late_dispatch_ack_after_pending_quarantine_is_side_effect_free
        PASS [   0.005s] codex-hepta-contracts provider_effect::tests::journal_status_acceptance_can_close_prior_quarantine
        PASS [   0.004s] codex-hepta-contracts provider_effect::tests::logical_effect_key_is_stable_across_local_attempts_and_payload_changes
        PASS [   0.003s] codex-hepta-contracts provider_effect::tests::malformed_in_memory_ack_provenance_fails_closed_before_state_or_record
        PASS [   0.005s] codex-hepta-contracts provider_effect::tests::journal_with_ack_requires_exact_ack_source_provenance
        PASS [   0.006s] codex-hepta-contracts provider_effect::tests::journal_unknown_lookup_cannot_turn_accepted_into_rejected
        PASS [   0.005s] codex-hepta-contracts provider_effect::tests::journal_without_ack_sources_remains_compatible_when_empty
        PASS [   0.008s] codex-hepta-contracts provider_effect::tests::journal_unknown_lookup_persists_quarantine_until_reconciled
        PASS [   0.004s] codex-hepta-contracts provider_effect::tests::matching_ack_binds_key_payload_and_operation
        PASS [   0.005s] codex-hepta-contracts provider_effect::tests::malformed_in_memory_journal_contents_fail_closed_before_state_or_append
        PASS [   0.005s] codex-hepta-contracts provider_effect::tests::occurrence_key_is_stable_across_physical_retries_and_excludes_payload
        PASS [   0.004s] codex-hepta-contracts provider_effect::tests::payload_coordinator_marks_explicit_not_dispatched_without_physical_attempt
        PASS [   0.004s] codex-hepta-contracts provider_effect::tests::payload_coordinator_quarantines_malformed_dispatch_ack_before_retry
        PASS [   0.004s] codex-hepta-contracts provider_effect::tests::payload_coordinator_rejects_mismatch_before_adapter_call
        PASS [   0.005s] codex-hepta-contracts provider_effect::tests::same_key_different_payload_is_rejected
        PASS [   0.010s] codex-hepta-contracts provider_effect::tests::operation_effect_key_is_stable_across_payload_changes
        PASS [   0.005s] codex-hepta-contracts provider_effect::tests::status_observation_binds_exact_payload_and_requires_lookup_source
        PASS [   0.008s] codex-hepta-contracts provider_effect::tests::status_accepted_fences_late_dispatch_transition
        PASS [   0.005s] codex-hepta-contracts provider_effect::tests::unknown_and_not_found_lookup_remain_quarantined
        PASS [   0.004s] codex-hepta-contracts provider_effect::tests::unsupported_capability_fails_closed_even_with_matching_ack
        PASS [   0.007s] codex-hepta-contracts provider_effect::tests::status_observation_is_monotonic_and_rejects_late_dispatch_or_unknown
        PASS [   0.003s] codex-hepta-contracts qualification_receipt::tests::rejected_receipt_can_witness_a_non_mutating_callback
        PASS [   0.005s] codex-hepta-contracts verified_use_witness::tests::malformed_witness_fails_validation
        PASS [   0.005s] codex-hepta-contracts verified_use_witness::tests::witness_round_trip_is_evidence_only_and_strict
        PASS [   0.005s] codex-hepta-intelligence canonical::tests::canonical_selected_path_has_first_class_ndu_and_all_seven_owners
        PASS [   0.005s] codex-hepta-intelligence canonical::tests::key_rotation_and_wrong_owner_receipt_fail_closed
        PASS [   0.008s] codex-hepta-intelligence canonical::tests::abstention_stops_before_context_and_evaluation
        PASS [   0.011s] codex-hepta-contracts qualification_receipt::tests::qualification_receipt_is_digest_bound_and_fail_closed
        PASS [   0.004s] codex-hepta-intelligence capability_snapshot::tests::absent_optional_capability_composes_without_neural_or_model_artifact
        PASS [   0.006s] codex-hepta-intelligence canonical::tests::owner_generation_change_between_call_and_publication_fails_closed
        PASS [   0.006s] codex-hepta-intelligence canonical::tests::legal_candidate_set_rejects_replay_identity_with_duplicate_semantics
        PASS [   0.004s] codex-hepta-intelligence capability_snapshot::tests::optional_absence_keeps_existing_selection_and_hard_veto_semantics
        PASS [   0.004s] codex-hepta-intelligence capability_snapshot::tests::optional_add_remove_is_explicit_and_does_not_weaken_requirements
        PASS [   0.008s] codex-hepta-intelligence capability_snapshot::tests::declaration_reordering_is_stable_but_replacement_changes_actual_plan
        PASS [   0.004s] codex-hepta-intelligence capability_snapshot::tests::snapshot_binds_core_freshness_and_bounded_unique_requirements
        PASS [   0.008s] codex-hepta-intelligence capability_snapshot::tests::duplicate_unknown_and_wrong_owner_are_not_admitted
        PASS [   0.010s] codex-hepta-intelligence capability_snapshot::tests::required_missing_and_fabricated_zero_artifact_reject
        PASS [   0.355s] codex-hepta-contracts authbus_b5::tests::b5_fault_matrix_keeps_rpo_zero_for_one_thousand_crash_points
        PASS [   0.170s] codex-hepta-intelligence evaluated_shadow::tests::segmented::bad_evaluator_signature_does_not_enter_ports_or_modify_a_segmented_journal
        PASS [   0.337s] codex-hepta-intelligence evaluated_shadow::tests::durable_stage_records_a_decision_and_retries_after_reopen_without_new_bytes
        PASS [   0.353s] codex-hepta-intelligence evaluated_shadow::tests::old_signed_evidence_cannot_enter_a_recomputed_new_authority_epoch
        PASS [   0.456s] codex-hepta-intelligence evaluated_shadow::tests::host_failure_or_substituted_intuition_never_reaches_the_durable_stage
        PASS [   0.478s] codex-hepta-intelligence evaluated_shadow::tests::abstention_and_slow_path_are_real_decisions_without_dispatch_or_outcome
        PASS [   0.123s] codex-hepta-intelligence ndu_stochastic_admission::tests::current_artifact_and_independent_evidence_compose_to_deny_all_admission
        PASS [   0.006s] codex-hepta-intelligence neuron_runtime::tests::named_product_caller_runs_through_runtime_without_extra_authority
        PASS [   0.006s] codex-hepta-intelligence objective_run::tests::compiler_conflict_is_durably_published_without_runtime_snapshot
        PASS [   0.009s] codex-hepta-intelligence objective_run::tests::authenticated_objective_is_durable_before_product_receipt_returns
        PASS [   0.010s] codex-hepta-intelligence objective_run::tests::exact_product_retry_is_idempotent_and_semantic_drift_conflicts
        PASS [   0.546s] codex-hepta-intelligence evaluated_shadow::tests::ledger_conflict_capacity_and_io_uncertainty_cannot_report_learning_recorded
        PASS [   0.094s] codex-hepta-intelligence ndu_stochastic_admission::tests::withdrawal_frontier_change_invalidates_previously_admitted_artifact
        PASS [   0.011s] codex-hepta-intelligence pipeline::tests::full_shadow_path_is_ordered_and_authority_free
        PASS [   0.004s] codex-hepta-intelligence pipeline::tests::invalid_budget_fails_before_any_port_call
        PASS [   0.003s] codex-hepta-intelligence pipeline::tests::ledger_failure_overrides_advisory_decision
        PASS [   0.003s] codex-hepta-intelligence pipeline::tests::mixed_snapshot_rejects_before_next_stage
        PASS [   0.027s] codex-hepta-intelligence outcome_credit_v2::tests::run_episode_mismatch_rejects_before_any_outcome_append
        PASS [   0.005s] codex-hepta-intelligence pipeline::tests::non_intuition_stage_cannot_report_an_advisory_decision
        PASS [   0.007s] codex-hepta-intelligence pipeline::tests::optional_neuron_outage_uses_bounded_fallback
        PASS [   0.005s] codex-hepta-intelligence pipeline::tests::persisted_receipt_rejects_dispatch_without_required_stages
        PASS [   0.005s] codex-hepta-intelligence pipeline::tests::persisted_receipt_rejects_trace_mutation
        PASS [   0.008s] codex-hepta-intelligence pipeline::tests::raw_port_authority_widening_rejects_before_trusted_receipt
        PASS [   0.006s] codex-hepta-intelligence pipeline::tests::recomputed_digest_cannot_hide_a_missing_required_stage
        PASS [   0.096s] codex-hepta-intelligence outcome_credit_v2::tests::product_path_records_outcome_correction_then_conserved_credit
        PASS [   0.006s] codex-hepta-intelligence pipeline::tests::required_objective_failure_is_terminal_and_receipted
        PASS [   0.005s] codex-hepta-intelligence pipeline::tests::slow_path_skips_context_and_dispatch_but_records_decision
        PASS [   0.003s] codex-hepta-intelligence pipeline::tests::trace_digest_is_deterministic_for_equal_port_receipts
        PASS [   0.004s] codex-hepta-intelligence pipeline_v2::tests::absent_core_is_rejected_even_when_manifest_omits_its_requirement
        PASS [   0.007s] codex-hepta-intelligence pipeline_v2::tests::existing_stage_engine_runs_without_neural_or_model_artifacts
        PASS [   0.007s] codex-hepta-intelligence pipeline_v2::tests::abstention_does_not_dispatch_but_preserves_learning_stage
        PASS [   0.127s] codex-hepta-intelligence outcome_credit_v2::tests::credit_failure_preserves_outcome_for_exact_reconciliation
        PASS [   0.013s] codex-hepta-intelligence pipeline_v2::tests::optional_add_remove_changes_routing_and_versioned_receipt
        PASS [   0.021s] codex-hepta-intelligence pipeline_v2::tests::mixed_snapshot_receipt_still_fails_existing_engine_validation
        PASS [   0.003s] codex-hepta-intelligence plasticity_product::tests::admission_payload_binds_current_frontiers_and_generator
        PASS [   0.003s] codex-hepta-intelligence plasticity_product::tests::product_writer_refuses_unanchored_nonempty_bootstrap
        PASS [   0.024s] codex-hepta-intelligence pipeline_v2::tests::self_consistent_wrong_owner_is_rejected_before_any_stage_call
        PASS [   0.491s] codex-hepta-intelligence evaluated_shadow::tests::segmented::existing_consumer_continues_after_rotation_and_replays_old_run_after_recovery
        PASS [   1.124s] codex-hepta-contracts authority_lease::tests::maximum_declared_state_shape_fits_restart_read_envelope
        PASS [   0.224s] codex-hepta-intelligence plasticity_product_tests::no_admissible_update_is_independently_attested_and_durably_recorded
        PASS [   0.246s] codex-hepta-intelligence plasticity_product_tests::authenticated_product_path_generates_evaluates_appends_and_commits_anchor
        PASS [   0.257s] codex-hepta-intelligence plasticity_product_tests::anchor_commit_failure_poison_writer_after_durable_append
        PASS [   0.276s] codex-hepta-intelligence plasticity_product_tests::durable_v2_evaluation_digest_binds_governed_admission_context
        PASS [   0.041s] codex-hepta-intelligence prompt_delivery::tests::exercised_registry_payload_is_the_exact_context_attachment_input
        PASS [   0.072s] codex-hepta-intelligence prompt_delivery::tests::compiler_rejects_registry_and_context_model_drift
        PASS [   0.203s] codex-hepta-intelligence plasticity_product_tests::product_path_rejects_observer_evaluator_controller_collision
        PASS [   0.074s] codex-hepta-intelligence prompt_pipeline::tests::exercised_portfolio_compiles_attaches_and_observes_exact_delivery
        PASS [   0.092s] codex-hepta-intelligence prompt_delivery::tests::revocation_after_exercise_prevents_delivery_of_the_selected_realization
        PASS [   0.354s] codex-hepta-intelligence plasticity_product_tests::product_path_rejects_generator_evaluator_controller_collision
        PASS [   0.007s] codex-hepta-intelligence tests::canonical_candidate_limit_is_enforced
        PASS [   0.007s] codex-hepta-intelligence tests::duplicate_candidate_is_rejected
        PASS [   0.011s] codex-hepta-intelligence tests::hard_veto_is_never_overridden
        PASS [   0.219s] codex-hepta-intelligence plasticity_product_tests::product_path_rejects_tampered_frontier_witness
        PASS [   0.008s] codex-hepta-intelligence tests::highest_eligible_candidate_is_selected_without_effect_authority
        PASS [   0.054s] codex-hepta-intelligence prompt_pipeline::tests::materialization_drift_after_compilation_blocks_attachment_preparation
        PASS [   0.739s] codex-hepta-intelligence evaluated_shadow::tests::tampered_product_receipt_or_expired_candidate_evidence_refuses_all_ports
        PASS [   0.006s] codex-hepta-intelligence tests::maximum_candidate_receipt_is_canonical_and_digest_complete
        PASS [   0.006s] codex-hepta-intelligence tests::no_eligible_candidate_abstains
        PASS [   0.007s] codex-hepta-intelligence topology_canary_product::tests::payload_binds_every_caller_asserted_canary_fact
        PASS [   0.004s] codex-hepta-intelligence vertical_tests::candidate_outside_compiled_legal_actions_fails_closed
        PASS [   0.064s] codex-hepta-intelligence prompt_pipeline::tests::revocation_after_compilation_blocks_attachment_preparation
        PASS [   0.008s] codex-hepta-intelligence vertical_tests::objective_soft_dimensions_must_bind_the_ndu_profile
        PASS [   0.059s] codex-hepta-intelligence prompt_pipeline::tests::serialization_without_selected_prompt_bytes_fails_closed
        PASS [   0.008s] codex-hepta-intelligence vertical_tests::selected_objective_profile_digest_cannot_be_replaced
        PASS [   0.006s] codex-hepta-intelligence vertical_tests::tampered_read_evidence_binding_fails_before_context_compilation
        PASS [   0.012s] codex-hepta-intelligence vertical_tests::omitted_cognitive_read_evidence_fails_closed
        PASS [   0.007s] codex-hepta-intelligence vertical_tests::vertical_facade_selects_only_a_legal_objective_action_without_authority
        PASS [   0.009s] codex-hepta-intelligence-eval closure::tests::eval_03_intersects_superiority_safety_retention_and_unlearning
        PASS [   0.007s] codex-hepta-intelligence-eval closure::tests::eval_04_rejects_role_collision_and_missing_future_windows
        PASS [   0.011s] codex-hepta-intelligence vertical_tests::vertical_receipt_is_stable_under_canonical_input_reordering
        PASS [   0.007s] codex-hepta-intelligence-eval closure::tests::eval_cross_fold_plan_binds_disjoint_lineage_and_final_holdout
        PASS [   0.008s] codex-hepta-intelligence-eval closure::tests::evaluation_fails_candidate_when_interval_or_floor_does_not_pass
        PASS [   0.004s] codex-hepta-intelligence-eval closure::tests::final_holdout_replay_receipt_is_stable_after_unrelated_registry_growth
        PASS [   0.005s] codex-hepta-intelligence-eval closure::tests::freezing_rejects_vacuous_or_invalid_metric_roles
        PASS [   0.008s] codex-hepta-intelligence-eval closure::tests::final_holdout_registry_allows_exact_retry_but_blocks_adaptive_reuse
        PASS [   0.032s] codex-hepta-intelligence-eval closure::tests::independent_decision_consumes_bound_holdout_receipt
        PASS [   0.015s] codex-hepta-intelligence-eval closure::tests::noninferiority_uses_direction_and_includes_the_registered_margin
        PASS [   0.044s] codex-hepta-intelligence-eval closure::tests::longitudinal_time_tests::time_policy_observer_and_future_collection_cannot_be_substituted
        PASS [   0.004s] codex-hepta-intelligence-eval closure::tests::preregistered_roles_allow_unchanged_safety_and_cost_within_budget
        PASS [   0.078s] codex-hepta-intelligence topology_product::tests::authenticated_topology_path_verifies_three_roles_and_persists_governed_record
        PASS [   0.004s] codex-hepta-intelligence-eval closure::tests::primary_superiority_has_strict_margins_without_q32_subtraction_overflow
        PASS [   0.004s] codex-hepta-intelligence-eval closure::tests::role_contracts_cannot_be_changed_reordered_away_or_reused_on_holdout
        PASS [   0.004s] codex-hepta-intelligence-eval durable_holdout::tests::ambiguous_write_fences_the_handle
        PASS [   0.003s] codex-hepta-intelligence-eval durable_holdout::tests::durable_reopen_prevents_holdout_reuse
        PASS [   0.006s] codex-hepta-intelligence-eval durable_holdout::tests::consumption_survives_a_distinct_process
        PASS [   0.005s] codex-hepta-intelligence-eval durable_holdout::tests::fenced_anchor_error_after_commit_poisoned_without_local_append
        PASS [   0.003s] codex-hepta-intelligence-eval durable_holdout::tests::fenced_capacity_rejects_before_external_reservation
        PASS [   0.004s] codex-hepta-intelligence-eval durable_holdout::tests::fenced_reservation_with_failed_local_write_is_fail_closed
        PASS [   0.309s] codex-hepta-intelligence plasticity_product_tests::raw_signed_metrics_cannot_substitute_for_published_qualification
        PASS [   0.015s] codex-hepta-intelligence-eval durable_holdout::tests::fenced_anchor_cas_rejects_stale_replicas_without_mutation
        PASS [   0.003s] codex-hepta-intelligence-eval durable_holdout::tests::independent_anchor_rejects_old_backup_and_partial_tail
        PASS [   0.004s] codex-hepta-intelligence-eval durable_holdout::tests::idempotent_retry_does_not_append_and_byte_corruption_rejects
        PASS [   0.005s] codex-hepta-intelligence-eval durable_holdout::tests::lock_binding_cas_and_invalid_plan_do_not_mutate_storage
        PASS [   0.003s] codex-hepta-intelligence-eval fenced_holdout::tests::indeterminate_write_poison_requires_recovery_and_preserves_history
        PASS [   0.006s] codex-hepta-intelligence-eval fenced_holdout::tests::newer_generation_fences_out_the_old_writer
        PASS [   0.006s] codex-hepta-intelligence-eval fenced_holdout::tests::stale_or_same_generation_different_fence_cannot_take_over
        PASS [   0.007s] codex-hepta-intelligence-eval fenced_holdout::tests::state_digest_changes_on_fence_takeover_without_rewriting_journal_head
        PASS [   0.007s] codex-hepta-intelligence-eval fenced_holdout_file::tests::locked_file_store_replays_takeover_and_rejects_backup_rollback
        PASS [   0.010s] codex-hepta-intelligence-eval fenced_holdout_file::tests::child_process_observes_lock_then_recovers_after_owner_exit
        PASS [   0.005s] codex-hepta-intelligence-eval fenced_holdout_file::tests::longer_divergent_history_cannot_skip_the_retained_minimum_prefix
        PASS [   0.007s] codex-hepta-intelligence-eval holdout_journal::tests::capacity_failure_does_not_consume_holdout_or_break_full_journal_retry
        PASS [   0.006s] codex-hepta-intelligence-eval holdout_journal::tests::eval_05_holdout_journal_rejects_stale_head_and_keeps_retry_idempotent
        PASS [   0.107s] codex-hepta-intelligence-eval closure::tests::longitudinal_time_tests::evaluator_and_observer_cannot_share_identity_key_credential_or_controller
        PASS [   0.023s] codex-hepta-intelligence-eval holdout_journal::tests::eval_05_holdout_journal_reopens_exactly
        PASS [   0.067s] codex-hepta-intelligence-eval closure::tests::signed_evaluation_binds_metrics_roles_and_host_identities
        PASS [   0.032s] codex-hepta-intelligence-eval ndu_convergence::tests::independent_signed_evidence_can_issue_accepted_deny_all_certificate
        PASS [   0.026s] codex-hepta-intelligence-eval ndu_well_posedness::tests::complete_signed_independent_evidence_is_accepted_without_authority
        PASS [   0.038s] codex-hepta-intelligence-eval ndu_convergence::tests::tampered_evaluator_payload_cannot_self_certify
        PASS [   0.008s] codex-hepta-intelligence-eval ope::confidence::tests::confidence_plan_requires_prespecified_assumptions_and_budget
        PASS [   0.153s] codex-hepta-intelligence-eval closure::tests::longitudinal_time_tests::signed_observed_windows_pass_only_with_full_statistical_bundle
        PASS [   0.013s] codex-hepta-intelligence-eval ope::confidence::tests::independent_constant_rows_have_nonzero_uncertainty
        PASS [   0.043s] codex-hepta-intelligence-eval ndu_well_posedness::tests::conditional_mean_threshold_and_expiry_fail_closed
        PASS [   0.003s] codex-hepta-intelligence-eval ope::confidence::tests::outward_integer_radius_has_an_exact_scalar_oracle
        PASS [   0.064s] codex-hepta-intelligence-eval ndu_convergence::tests::spectral_or_residual_failure_rejects_but_missing_support_is_unavailable
        PASS [   0.012s] codex-hepta-intelligence-eval ope::confidence::tests::merging_dependent_rows_widens_intervals
        PASS [   0.004s] codex-hepta-intelligence-eval ope::confidence::tests::point_estimate_failures_cannot_be_hidden_by_intervals
        PASS [   0.007s] codex-hepta-intelligence-eval ope::confidence::tests::unchosen_actions_also_have_to_respect_the_weight_ceiling
        PASS [   0.012s] codex-hepta-intelligence-eval ope::confidence::tests::row_and_assignment_order_are_canonical
        PASS [   0.003s] codex-hepta-intelligence-eval ope::tests::distribution_and_weight_gates_are_enforced
        PASS [   0.007s] codex-hepta-intelligence-eval ope::confidence::tests::unresolved_weight_denominator_returns_full_reward_interval
        PASS [   0.017s] codex-hepta-intelligence-eval ope::confidence::tests::repeating_rows_within_clusters_does_not_manufacture_precision
        PASS [   0.025s] codex-hepta-intelligence-eval ope::confidence::tests::multiplicity_and_stricter_alpha_never_narrow_bounds
        PASS [   0.004s] codex-hepta-intelligence-eval ope::tests::documented_ope_golden_vector_is_exact
        PASS [   0.004s] codex-hepta-intelligence-eval ope::tests::effective_sample_size_cannot_be_replaced_by_raw_row_count
        PASS [   0.005s] codex-hepta-intelligence-eval ope::tests::duplicate_observations_cannot_inflate_sample_count
        PASS [   0.023s] codex-hepta-intelligence-eval ope::confidence::tests::rejects_missing_duplicate_unknown_and_single_cluster_assignments
        PASS [   0.003s] codex-hepta-intelligence-eval ope::tests::incomplete_candidates_and_unknown_choice_are_rejected
        PASS [   0.003s] codex-hepta-intelligence-eval ope::tests::missing_evidence_and_out_of_range_outcomes_are_rejected
        PASS [   0.058s] codex-hepta-intelligence-eval ndu_well_posedness::tests::missing_support_is_unavailable_and_failed_assumption_rejects
        PASS [   0.004s] codex-hepta-intelligence-eval ope::tests::nonzero_outcome_model_uses_residual_correction
        PASS [   0.003s] codex-hepta-intelligence-eval ope::tests::pending_outcome_is_not_zero_reward
        PASS [   0.004s] codex-hepta-intelligence-eval ope::tests::outcome_after_frozen_watermark_is_rejected
        PASS [   0.008s] codex-hepta-intelligence-eval ope::tests::exact_weight_ceiling_cannot_be_weakened_by_q32_rounding
        PASS [   0.003s] codex-hepta-intelligence-eval ope::tests::row_and_candidate_permutations_preserve_every_receipt_field
        PASS [   0.004s] codex-hepta-intelligence-eval ope::tests::scaled_ratio_preserves_exact_floor_and_ties_even_at_wide_bounds
        PASS [   0.006s] codex-hepta-intelligence-eval ope::tests::signed_rounding_is_ties_to_even
        PASS [   0.008s] codex-hepta-intelligence-eval ope::tests::tiny_supported_weights_retain_exact_ess
        PASS [   0.007s] codex-hepta-intelligence-eval ope::tests::unsupported_unchosen_action_is_also_rejected
        PASS [   0.044s] codex-hepta-intelligence-eval ope::tests::exact_ess_floor_cannot_be_weakened_by_q32_rounding
        PASS [   0.004s] codex-hepta-intelligence-eval self_evolution_selection::tests::receipt_rejects_generation_rewind_and_baseline_drift
        PASS [   0.042s] codex-hepta-intelligence-eval product_runner::tests::product_runner_never_releases_holdout_before_fenced_consumption
        PASS [   0.005s] codex-hepta-intelligence-eval self_evolution_selection::tests::signing_payload_binds_predecessor_candidate_and_longitudinal_policy
        PASS [   0.008s] codex-hepta-intelligence-eval sequential::tests::deep_ess_and_joint_scope_cannot_inherit_a_weaker_local_floor
        PASS [   0.081s] codex-hepta-intelligence-eval product_runner::tests::released_input_resource_limits_precede_comparison_sorting_and_fit
        PASS [   0.059s] codex-hepta-intelligence-eval self_evolution_selection::tests::selector_and_rollback_are_opaque_independent_admissions
        PASS [   0.010s] codex-hepta-intelligence-eval sequential::tests::full_pilot_horizon_preserves_the_undiscounted_terminal_return
        PASS [   0.009s] codex-hepta-intelligence-eval sequential::tests::horizon_and_cumulative_limits_are_enforced
        PASS [   0.010s] codex-hepta-intelligence-eval sequential::tests::incomplete_or_unobserved_trajectories_are_insufficient_not_zero_reward
        PASS [   0.017s] codex-hepta-intelligence-eval sequential::tests::support_is_checked_at_each_depth_not_only_episode_entry
        PASS [   0.005s] codex-hepta-intelligence-eval sequential::tests::terminal_convention_prevents_counting_terminal_value_twice
        PASS [   0.025s] codex-hepta-intelligence-eval sequential::tests::ordering_is_canonical_but_history_and_cluster_binding_are_not_erased
        PASS [   0.006s] codex-hepta-intelligence-eval sequential::tests::two_step_backward_dr_matches_nine_tenths_and_reports_depth_support
        PASS [   0.008s] codex-hepta-intelligence-eval sequential::tests::tiny_cumulative_weights_keep_q64_ess_and_underflow_is_explicit
        PASS [   0.010s] codex-hepta-intelligence-eval sequential::tests::zero_support_and_tiny_behavior_probability_reject_before_overflow
        PASS [   0.032s] codex-hepta-intelligence-eval temporal_evaluation::tests::actual_fitted_predictions_feed_the_doubly_robust_estimator
        PASS [   0.181s] codex-hepta-intelligence-eval product_runner::tests::rejected_published_qualification_cannot_be_relabelled_eligible
        PASS [   0.194s] codex-hepta-intelligence-eval product_runner::tests::product_runner_binds_estimator_receipts_and_persists_signed_decision
        PASS [   0.060s] codex-hepta-intelligence-eval signed_qualification_e2e_tests::signed_qualification_e2e_binds_plan_holdout_roles_and_trust
        PASS [   0.006s] codex-hepta-intelligence-eval temporal_evaluation::tests::composite_digest_matches_canonical_golden_vector
        PASS [   0.152s] codex-hepta-intelligence-eval sequential::tests::exact_depth_ess_floor_cannot_be_weakened_by_q32_rounding
        PASS [   0.021s] codex-hepta-intelligence-eval temporal_evaluation::tests::dependent_episodes_cannot_be_split_between_clusters
        PASS [   0.037s] codex-hepta-intelligence-eval temporal_evaluation::tests::caller_prediction_fields_cannot_override_the_training_model
        PASS [   0.046s] codex-hepta-intelligence-eval temporal_evaluation::tests::all_input_orderings_preserve_the_complete_receipt
        PASS [   0.007s] codex-hepta-intelligence-eval temporal_evaluation::tests::rejects_changed_legal_action_sets
        PASS [   0.013s] codex-hepta-intelligence-eval temporal_evaluation::tests::independently_revised_subplan_can_be_resealed_without_aliasing_other_digests
        PASS [   0.006s] codex-hepta-intelligence-eval temporal_evaluation::tests::rejects_nonbijective_cohort_joins
        PASS [   0.016s] codex-hepta-intelligence-eval temporal_evaluation::tests::observed_outcomes_must_follow_the_held_out_decision
        PASS [   0.030s] codex-hepta-intelligence-eval temporal_evaluation::tests::dependent_principals_cannot_be_split_between_clusters
        PASS [   0.047s] codex-hepta-intelligence-eval temporal_evaluation::tests::composite_digest_binds_every_plan_scope
        PASS [   0.005s] codex-hepta-intelligence-eval temporal_fold::tests::fits_training_mean_without_validation_labels
        PASS [   0.007s] codex-hepta-intelligence-eval temporal_evaluation::tests::validation_principals_cannot_enter_training
        PASS [   0.004s] codex-hepta-intelligence-eval temporal_fold::tests::model_identity_does_not_depend_on_validation_features
        PASS [   0.007s] codex-hepta-intelligence-eval temporal_fold::tests::mean_rounding_uses_ties_to_even
        PASS [   0.004s] codex-hepta-intelligence-eval temporal_fold::tests::ordering_does_not_change_receipts
        PASS [   0.004s] codex-hepta-intelligence-eval temporal_fold::tests::rejects_duplicates_missing_evidence_and_invalid_rewards
        PASS [   0.004s] codex-hepta-intelligence-eval temporal_fold::tests::rejects_late_training_outcomes_and_early_validation
        PASS [   0.004s] codex-hepta-intelligence-eval temporal_fold::tests::unsupported_actions_and_insufficient_samples_are_not_imputed
        PASS [   0.004s] codex-hepta-intelligence-eval tests::eligible_is_not_promotion
        PASS [   0.008s] codex-hepta-intelligence-eval temporal_fold::tests::rejects_all_training_validation_lineage_overlaps
        PASS [   0.004s] codex-hepta-intelligence-eval tests::hard_regression_is_rejected
        PASS [   0.004s] codex-hepta-intelligence-eval tests::missing_support_is_insufficient
        PASS [   0.004s] codex-hepta-intelligence-eval tests::registered_hard_regression_allowance_is_enforced_exactly
        PASS [   0.006s] codex-hepta-intelligence-eval tests::every_registered_threshold_is_enforced
        PASS [   0.004s] codex-hepta-intelligence-eval tests::receipt_digest_binds_threshold_metadata_in_canonical_order
        PASS [   0.004s] codex-hepta-intelligence-eval tests::self_evaluation_is_rejected
        PASS [   0.003s] codex-hepta-learning-artifacts admin::tests::owner_status_is_bounded_read_only_and_scope_specific
        PASS [   0.006s] codex-hepta-intelligence-eval tests::unrepresentable_metric_deltas_fail_closed
        PASS [   0.003s] codex-hepta-learning-artifacts admission_v3::tests::art_05_admission_rejects_unscoped_withdrawal_registry
        PASS [   0.007s] codex-hepta-learning-artifacts admission_v3::tests::art_05_admission_binds_exact_withdrawal_head
        PASS [   0.007s] codex-hepta-learning-artifacts admission_v3::tests::art_05_admission_is_domain_registry_and_scope_bound
        PASS [   0.004s] codex-hepta-learning-artifacts admission_v3::tests::art_05_withdrawal_race_invalidates_admission
        PASS [   0.003s] codex-hepta-learning-artifacts closure_v2::tests::art_01_manifest_v2_normalizes_complete_lineage
        PASS [   0.004s] codex-hepta-learning-artifacts closure_v2::tests::art_02_persistent_withdrawal_blocks_future_admission_and_replays
        PASS [   0.004s] codex-hepta-learning-artifacts closure_v2::tests::art_03_registry_head_witness_rejects_rollback
        PASS [   0.004s] codex-hepta-learning-artifacts closure_v2::tests::art_04_lifecycle_forbids_self_selection_and_state_skips
        PASS [   0.004s] codex-hepta-learning-artifacts dataset_revocation::tests::changed_notice_or_evaluator_under_same_operation_conflicts
        PASS [   0.007s] codex-hepta-learning-artifacts closure_v2::tests::artifact_manifest_rejects_duplicate_lineage_and_missing_rollback_parent
        PASS [   0.004s] codex-hepta-learning-artifacts dataset_revocation::tests::identical_retry_reuses_existing_events_and_history
        PASS [   0.007s] codex-hepta-learning-artifacts dataset_revocation::tests::batch_revokes_direct_targets_and_blocks_descendants_without_mutating_input
        PASS [   0.005s] codex-hepta-learning-artifacts dataset_revocation::tests::later_target_role_collision_discards_entire_preparation
        PASS [   0.003s] codex-hepta-learning-artifacts dataset_revocation::tests::stale_snapshot_missing_dataset_and_empty_notice_reject
        PASS [   0.004s] codex-hepta-learning-artifacts dataset_revocation::tests::quarantined_targets_revoke_and_previously_revoked_targets_are_reported
        PASS [   0.004s] codex-hepta-learning-artifacts durable_snapshots::tests::art_08_lifecycle_snapshot_recovers_after_historical_actor_expiry
        PASS [   0.007s] codex-hepta-learning-artifacts dataset_revocation::tests::persisted_batch_reopens_and_blocks_candidate_but_keeps_clean_rollback
        PASS [   0.004s] codex-hepta-learning-artifacts iteration::tests::transitions_are_monotonic_and_terminal
        PASS [   0.006s] codex-hepta-learning-artifacts iteration::tests::candidate_requires_predecessor_after_draft
        PASS [   0.006s] codex-hepta-learning-artifacts durable_snapshots::tests::art_08_scoped_withdrawal_snapshot_round_trips_and_rejects_cross_scope_receipt
        PASS [   0.005s] codex-hepta-learning-artifacts iteration_ledger::tests::records_bounded_external_transitions
        PASS [   0.003s] codex-hepta-learning-artifacts lifecycle_journal::tests::art_06_lifecycle_journal_replays_exact_snapshot
        PASS [   0.004s] codex-hepta-learning-artifacts lifecycle_journal::tests::art_06_lifecycle_journal_enforces_head_state_and_role
        PASS [   0.004s] codex-hepta-learning-artifacts lifecycle_journal::tests::art_06_lifecycle_snapshot_replay_survives_actor_expiry
        PASS [   0.007s] codex-hepta-learning-artifacts iteration_ledger::tests::snapshot_replay_is_exact_and_duplicate_receipts_fail
        PASS [   0.020s] codex-hepta-learning-artifacts dataset_revocation::tests::target_quota_rejects_without_partial_registry_mutation
        PASS [   0.483s] codex-hepta-intelligence-eval closure::tests::longitudinal_time_tests::valid_signatures_do_not_hide_unobserved_overlapping_or_wrong_source_windows
        PASS [   0.058s] codex-hepta-learning-artifacts owner_host::tests::owner_host_checkpoint_recovery_requires_exact_snapshot
        PASS [   0.063s] codex-hepta-learning-artifacts owner_host::tests::current_head_rotation_preserves_history_and_requires_current_key_epoch
        PASS [   0.065s] codex-hepta-learning-artifacts owner_host::tests::independent_current_head_anchor_rejects_restored_old_backup
        PASS [   0.069s] codex-hepta-learning-artifacts owner_host::tests::authenticated_current_head_is_discovered_and_signature_drift_rejects
        PASS [   0.005s] codex-hepta-learning-artifacts pinned::tests::cached_consumer_observes_revocation_before_use_and_cannot_revive_from_backup
        PASS [   0.004s] codex-hepta-learning-artifacts pinned::tests::cached_consumer_rejects_longer_fork_and_backwards_frontier
        PASS [   0.069s] codex-hepta-learning-artifacts owner_host::tests::owner_host_exclusively_fences_writer_lease
        PASS [   0.003s] codex-hepta-learning-artifacts pinned::tests::cached_consumer_rejects_new_scope_and_corrupt_current_file_without_calling_consumer
        PASS [   0.003s] codex-hepta-learning-artifacts pinned::tests::objective_and_compatibility_drift_are_pin_mismatches
        PASS [   0.003s] codex-hepta-learning-artifacts pinned::tests::quarantined_candidate_blocks_loading
        PASS [   0.010s] codex-hepta-learning-artifacts pinned::tests::loads_exact_pinned_manifest_and_payload
        PASS [   0.003s] codex-hepta-learning-artifacts pinned::tests::revoked_ancestor_blocks_loading
        PASS [   0.003s] codex-hepta-learning-artifacts pinned::tests::wrong_epoch_binding_is_rejected
        PASS [   0.006s] codex-hepta-learning-artifacts pinned::tests::tampered_payload_is_rejected
        PASS [   0.003s] codex-hepta-learning-artifacts publication::tests::art_07_crash_snapshots_never_promote_partial_publication
        PASS [   0.004s] codex-hepta-learning-artifacts publication::tests::art_07_publication_requires_ordered_durable_phases_before_ack
        PASS [   0.003s] codex-hepta-learning-artifacts publication::tests::art_07_registry_projection_cannot_swap_payload_or_identity
        PASS [   0.003s] codex-hepta-learning-artifacts registry::tests::ancestor_revocation_makes_derived_artifacts_ineligible
        PASS [   0.006s] codex-hepta-learning-artifacts publication::tests::art_07_withdrawal_advance_blocks_recovered_publication
        PASS [   0.003s] codex-hepta-learning-artifacts registry::tests::artifact_producer_cannot_self_evaluate
        PASS [   0.004s] codex-hepta-learning-artifacts registry::tests::event_identity_reuse_with_drift_fails
        PASS [   0.007s] codex-hepta-learning-artifacts registry::tests::derived_artifact_requires_monotonic_matching_lineage
        PASS [   0.394s] codex-hepta-intelligence-eval product_runner::tests::longitudinal_qualification_binds_actual_observed_times_counts_and_source_cut
        PASS [   0.003s] codex-hepta-learning-artifacts registry::tests::quarantine_and_revoke_remove_candidate_eligibility
        PASS [   0.006s] codex-hepta-learning-artifacts registry::tests::registration_is_immutable_and_idempotent
        PASS [   0.008s] codex-hepta-learning-artifacts registry::tests::snapshot_replay_preserves_lineage_and_state
        PASS [   0.009s] codex-hepta-learning-artifacts selection::tests::art_12_selection_rejects_self_selection_and_revoked_selector
        PASS [   0.029s] codex-hepta-learning-artifacts selection::tests::art_12_independent_selector_binds_exact_current_and_manifest
        PASS [   0.020s] codex-hepta-learning-artifacts sensor_core_registry::tests::operator_sensor_core_projection_has_one_physical_owner
        PASS [   0.006s] codex-hepta-learning-artifacts sensor_core_registry::tests::operator_sensor_core_projection_tracks_revocation_without_second_write
        PASS [   0.005s] codex-hepta-learning-artifacts storage::budget_tests::exact_file_is_read_from_start_even_with_a_nonzero_cursor
        PASS [   0.031s] codex-hepta-learning-artifacts selection::tests::art_12_verified_selection_records_only_selected_transition
        PASS [   0.003s] codex-hepta-learning-artifacts storage::budget_tests::pre_read_and_post_read_metadata_use_the_same_error_priority
        PASS [   0.004s] codex-hepta-learning-artifacts storage::budget_tests::global_ceiling_and_empty_payload_keep_capacity_semantics
        PASS [   0.011s] codex-hepta-learning-artifacts storage::budget_tests::empty_snapshot_keeps_corrupt_semantics
        PASS [   0.003s] codex-hepta-learning-artifacts storage::budget_tests::short_nonempty_file_is_also_rejected_without_reading
        PASS [   0.003s] codex-hepta-learning-artifacts storage::lock_tests::failed_read_releases_own_lock_with_transient_duplicate_retained
        PASS [   0.006s] codex-hepta-learning-artifacts storage::budget_tests::wrong_exact_length_is_rejected_before_any_seek_or_read
        PASS [   0.007s] codex-hepta-learning-artifacts storage::lock_tests::created_target_held_by_another_writer_fails_busy_without_writing
        PASS [   0.004s] codex-hepta-learning-artifacts storage::lock_tests::shared_readers_coexist_and_existing_path_cannot_be_recreated
        PASS [   0.004s] codex-hepta-learning-artifacts storage::lock_tests::write_guard_releases_lock_with_transient_duplicate_retained
        PASS [   0.007s] codex-hepta-learning-artifacts storage::lock_tests::readonly_handles_load_registry_and_payload
        PASS [   0.006s] codex-hepta-learning-artifacts storage::tests::bytes_appearing_after_atomic_creation_are_indeterminate
        PASS [   0.004s] codex-hepta-learning-artifacts storage::tests::contained_write_rejects_symlink_ancestor
        PASS [   0.007s] codex-hepta-learning-artifacts storage::tests::contained_write_rejects_escape_and_validates_before_create
        PASS [   0.009s] codex-hepta-learning-artifacts storage::tests::concurrent_creation_has_exactly_one_winner
        PASS [   0.003s] codex-hepta-learning-artifacts storage::tests::current_head_witness_rejects_stale_or_tampered_receipts
        PASS [   0.004s] codex-hepta-learning-artifacts storage::tests::created_target_permissions_are_never_wider_than_owner_read_write
        PASS [   0.006s] codex-hepta-learning-artifacts storage::tests::current_head_witness_round_trips_only_with_current_requirement
        PASS [   0.008s] codex-hepta-learning-artifacts storage::tests::every_truncation_and_wrong_external_witness_rejects_without_repair
        PASS [   0.013s] codex-hepta-learning-artifacts storage::tests::create_only_capability_debug_is_opaque
        PASS [   0.003s] codex-hepta-learning-artifacts storage::tests::existing_empty_and_truncated_files_are_never_adopted
        PASS [   0.004s] codex-hepta-learning-artifacts storage::tests::existing_nonempty_file_is_never_reopened_for_writing
        PASS [   0.005s] codex-hepta-learning-artifacts storage::tests::existing_symlinks_are_never_followed_for_creation
        PASS [   0.005s] codex-hepta-learning-artifacts storage::tests::noncanonical_encoding_rejects_even_with_rehashed_file_receipt
        PASS [   0.004s] codex-hepta-learning-artifacts storage::tests::payload_corruption_and_invalid_receipt_reject
        PASS [   0.005s] codex-hepta-learning-artifacts storage::tests::revoked_payload_cannot_be_loaded_from_current_registry
        PASS [   0.006s] codex-hepta-learning-artifacts storage::tests::payload_rejects_wrong_bytes_without_reusing_its_created_target
        PASS [   0.004s] codex-hepta-learning-artifacts storage::tests::sensor_core_kind_survives_durable_registry_roundtrip
        PASS [   0.003s] codex-hepta-learning-artifacts storage_hygiene::tests::orphan_cleanup_never_follows_final_symlink
        PASS [   0.005s] codex-hepta-learning-artifacts storage::tests::snapshot_reopens_exact_history_and_revoked_ancestors
        PASS [   0.003s] codex-hepta-learning-artifacts storage_hygiene::tests::orphan_cleanup_removes_only_zero_length_regular_file
        PASS [   0.010s] codex-hepta-learning-artifacts storage::tests::zero_binding_leaves_created_file_empty_for_host_reconciliation
        PASS [   0.006s] codex-hepta-learning-artifacts storage_hygiene::tests::orphan_cleanup_rejects_path_escape
        PASS [   0.006s] codex-hepta-learning-ledger causal_v2::tests::ledger_04_validates_terminal_watermark_and_correction_lineage
        PASS [   0.006s] codex-hepta-learning-ledger causal_v2::tests::ledger_candidate_receipt_binds_generator_relative_completeness
        PASS [   0.012s] codex-hepta-learning-ledger causal_v2::tests::ledger_03_rejects_shared_credential_chain
        PASS [   0.006s] codex-hepta-learning-ledger causal_v2::tests::ledger_credit_batch_enforces_conservation
        PASS [   0.012s] codex-hepta-learning-ledger causal_v2::tests::ledger_dataset_freeze_is_order_independent_and_rejects_duplicates
        PASS [   0.023s] codex-hepta-learning-ledger checkpoint::tests::checkpoint_revocation_frontier_changes_without_rewriting_history
        PASS [   0.010s] codex-hepta-learning-ledger dataset_receipt_v3::tests::fixed_q32_dependency_remains_linked_for_dataset_receipts
        PASS [   0.196s] codex-hepta-learning-artifacts owner_service::status_tests::exact_status_queries_do_not_publish_or_advance_and_survive_qualification_expiry
        PASS [   0.004s] codex-hepta-learning-ledger dataset_receipt_v3::tests::ledger_05_dataset_receipt_is_self_verifying
        PASS [   0.004s] codex-hepta-learning-ledger durable::inspection_tests::complete_suffix_needs_current_witness_and_never_returns_old_prefix
        PASS [   0.008s] codex-hepta-learning-ledger dataset_receipt_v3::tests::ledger_05_dataset_receipt_rejects_semantic_field_drift
        PASS [   0.004s] codex-hepta-learning-ledger durable::inspection_tests::corrupted_complete_frame_and_invalid_domains_are_rejected
        PASS [   0.003s] codex-hepta-learning-ledger durable::inspection_tests::current_revocations_survive_readonly_projection
        PASS [   0.005s] codex-hepta-learning-ledger durable::inspection_tests::missing_and_mismatched_acknowledged_history_never_mutate_file
        PASS [   0.004s] codex-hepta-learning-ledger durable::inspection_tests::os_readonly_inspection_matches_writer_and_preserves_bytes
        PASS [   0.004s] codex-hepta-learning-ledger durable::inspection_tests::partial_tail_is_never_repaired_by_reader
        PASS [   0.005s] codex-hepta-learning-ledger durable::inspection_tests::reader_coexists_with_shared_lock_but_does_not_unlock_another_reader
        PASS [   0.004s] codex-hepta-learning-ledger durable::inspection_tests::rejection_releases_own_lock_even_with_transient_duplicate
        PASS [   0.003s] codex-hepta-learning-ledger durable::tests::canonical_candidate_permutation_retry_after_later_events_never_appends
        PASS [   0.003s] codex-hepta-learning-ledger durable::tests::canonical_event_and_file_match_independent_integer_byte_oracle
        PASS [   0.003s] codex-hepta-learning-ledger durable::tests::changed_identity_and_stale_predecessor_reject_without_mutating_either_store
        PASS [   0.004s] codex-hepta-learning-ledger durable::tests::codec_rejects_every_truncation_unknown_variant_and_trailing_bytes
        PASS [   0.007s] codex-hepta-learning-ledger durable::tests::complete_corruption_invalid_length_prefix_and_rehashed_bad_lineage_reject
        PASS [   0.003s] codex-hepta-learning-ledger durable::tests::empty_recovery_is_not_creation_and_existing_history_is_never_overwritten
        PASS [   0.013s] codex-hepta-learning-ledger durable::tests::exclusive_writer_fencing_releases_on_drop
        PASS [   0.250s] codex-hepta-learning-artifacts owner_service::tests::named_owner_service_publishes_retries_and_reopens_from_current_head
        PASS [   0.005s] codex-hepta-learning-ledger durable::tests::failed_recovery_releases_acquired_lock_before_store_exists
        PASS [   0.003s] codex-hepta-learning-ledger durable::tests::failed_write_poisons_memory_and_requires_recovery
        PASS [   0.045s] codex-hepta-learning-ledger durable::tests::acknowledged_revocation_cannot_disappear_as_a_valid_prefix_or_partial_tail
        PASS [   0.011s] codex-hepta-learning-ledger durable::tests::failed_constructor_releases_acquired_lock_with_transient_duplicate
        PASS [   0.003s] codex-hepta-learning-ledger durable::tests::full_unacknowledged_frame_is_synced_and_deduplicated_on_recover
        PASS [   0.004s] codex-hepta-learning-ledger durable::tests::invalid_causal_facts_and_oversized_candidate_sets_fail_before_io
        PASS [   0.013s] codex-hepta-learning-ledger durable::tests::owner_drop_releases_lock_with_a_transient_duplicate_alive
        PASS [   0.014s] codex-hepta-learning-ledger durable::tests::malformed_domain_anchor_and_excess_file_reject_without_changes
        PASS [   0.005s] codex-hepta-learning-ledger durable::tests::retrieval_assignment_tag_four_replays_exactly_after_reopen
        PASS [   0.019s] codex-hepta-learning-ledger durable::tests::persisted_causal_events_replay_exact_core_and_revocation_excludes_descendants
        PASS [   0.008s] codex-hepta-learning-ledger durable::tests::record_quota_allows_exact_retry_but_not_a_new_event
        PASS [   0.004s] codex-hepta-learning-ledger durable::tests::wrong_anchor_never_repairs_tail_and_matching_early_anchor_preserves_later_frames
        PASS [   0.004s] codex-hepta-learning-ledger ledger::tests::atomic_credit_batch_enforces_terminal_value_and_conservation
        PASS [   0.007s] codex-hepta-learning-ledger ledger::tests::append_is_deterministic_and_idempotent
        PASS [   0.004s] codex-hepta-learning-ledger ledger::tests::atomic_credit_rejects_legacy_outcome_and_credential_or_key_reuse
        PASS [   0.009s] codex-hepta-learning-ledger ledger::tests::authenticated_outcome_rejects_legacy_decision_ancestry
        PASS [   0.012s] codex-hepta-learning-ledger ledger::tests::authenticated_corrections_form_one_linear_head_without_forks
        PASS [   0.023s] codex-hepta-learning-ledger durable::tests::unacknowledged_partial_tail_recovers_exact_predecessor_at_every_cut
        PASS [   0.003s] codex-hepta-learning-ledger ledger::tests::credit_cannot_be_double_counted
        PASS [   0.003s] codex-hepta-learning-ledger ledger::tests::explicit_unlearning_lineage_revokes_source_and_derived_credit
        PASS [   0.006s] codex-hepta-learning-ledger ledger::tests::canonical_runtime_delivery_is_ingested_with_runtime_owned_observer
        PASS [   0.006s] codex-hepta-learning-ledger ledger::tests::evaluated_policy_cannot_label_its_own_outcome
        PASS [   0.003s] codex-hepta-learning-ledger ledger::tests::incomplete_or_duplicate_candidate_sets_fail_closed
        PASS [   0.003s] codex-hepta-learning-ledger ledger::tests::invalid_runtime_delivery_contract_cannot_enter_ledger
        PASS [   0.003s] codex-hepta-learning-ledger ledger::tests::outcome_and_credit_cannot_attach_to_revoked_ancestors
        PASS [   0.006s] codex-hepta-learning-ledger ledger::tests::prompt_delivery_requires_live_episode_and_independent_runtime_observer
        PASS [   0.003s] codex-hepta-learning-ledger ledger::tests::rejected_runtime_delivery_preserves_rejection_lineage
        PASS [   0.003s] codex-hepta-learning-ledger ledger::tests::revocation_removes_descendants_and_snapshot_restore_does_not_resurrect
        PASS [   0.003s] codex-hepta-learning-ledger ledger::tests::revoked_decision_logically_removes_prompt_delivery_lineage
        PASS [   0.003s] codex-hepta-learning-ledger ledger::tests::tampered_snapshot_chain_is_rejected
        PASS [   0.003s] codex-hepta-learning-ledger ledger::tests::zero_propensity_and_missing_abstain_fail_closed
        PASS [   0.037s] codex-hepta-learning-ledger production::tests::corrupt_or_missing_witness_history_never_falls_back_to_reinitialization
        PASS [   0.004s] codex-hepta-learning-ledger production::tests::crash_after_ledger_sync_before_witness_child
        PASS [   2.072s] codex-hepta-intelligence evaluated_shadow::tests::invalid_authentication_artifact_or_dataset_never_calls_any_port
        PASS [   0.006s] codex-hepta-learning-ledger production::tests::directory_durability_requires_an_actual_directory_handle
        PASS [   0.070s] codex-hepta-learning-ledger production::tests::dataset_freeze_counts_decisions_without_any_outcome_as_pending
        PASS [   0.171s] codex-hepta-learning-ledger ledger::tests::indexed_active_reads_match_scan_after_growth_revocation_and_replay
        PASS [   0.056s] codex-hepta-learning-ledger production::tests::lost_ack_after_ledger_sync_reconciles_exact_decision_into_witness
        PASS [   0.072s] codex-hepta-learning-ledger production::tests::process_death_between_ledger_and_witness_reconciles_without_redispatch
        PASS [   0.548s] codex-hepta-learning-artifacts owner_service::currentness_tests::real_current_view_retains_exact_head_actor_expiry_and_revocation_windows
        PASS [   0.266s] codex-hepta-learning-ledger ledger::tests::indexed_historical_retry_survives_growth_and_snapshot_recovery
        PASS [   0.056s] codex-hepta-learning-ledger production::tests::production_writer_recovers_against_independent_witness
        PASS [   0.005s] codex-hepta-learning-ledger protocol::tests::credit_and_episode_views_bind_exact_snapshot_history
        PASS [   0.093s] codex-hepta-learning-ledger production::tests::production_writer_closes_authenticated_causal_chain_and_witnesses_each_commit
        PASS [   0.007s] codex-hepta-learning-ledger protocol::tests::dataset_v3_has_deterministic_registered_v1_compatibility_view
        PASS [   0.005s] codex-hepta-learning-ledger protocol::tests::registered_decision_and_outcome_adapters_round_trip_canonical_json
        PASS [   0.004s] codex-hepta-learning-ledger protocol::tests::registered_protocols_reject_unknown_fields
        PASS [   0.007s] codex-hepta-learning-ledger retrieval_assignment::tests::delivery_aware_bridge_binds_only_the_final_exposed_subset
        PASS [   0.008s] codex-hepta-learning-ledger retrieval_assignment::tests::bridge_preserves_complete_and_incomplete_assignment_facts
        PASS [   0.009s] codex-hepta-learning-ledger retrieval_assignment::tests::downstream_policy_and_delivery_propensity_are_bound_separately
        PASS [   0.009s] codex-hepta-learning-ledger retrieval_assignment::tests::normalization_preserves_selected_and_delivered_candidate_identity
        PASS [   0.005s] codex-hepta-learning-ledger retrieval_assignment::tests::owner_bridge_uses_canonical_digest_indices_not_input_positions
        PASS [   0.068s] codex-hepta-learning-ledger production::tests::production_writer_rotates_root_signed_trust_and_rejects_revocation_and_rollback
        PASS [   0.010s] codex-hepta-learning-ledger retrieval_assignment::tests::selected_set_exceeding_decoder_capacity_is_rejected_atomically
        PASS [   0.005s] codex-hepta-learning-ledger run_start::tests::acknowledged_missing_history_never_repairs_as_success
        PASS [   0.008s] codex-hepta-learning-ledger run_start::tests::committed_record_reopens_and_ack_loss_retry_is_idempotent
        PASS [   0.005s] codex-hepta-learning-ledger run_start::tests::durable_conflict_roundtrip_replays_exact_receipt_without_runtime_snapshot
        PASS [   0.030s] codex-hepta-learning-ledger retrieval_assignment::tests::maximum_retrieval_assignment_fits_existing_bounded_event_frame
        PASS [   0.023s] codex-hepta-learning-ledger retrieval_assignment::tests::retrieval_encoding_has_a_distinct_tag_and_bounded_roundtrip
        PASS [   0.005s] codex-hepta-learning-ledger run_start::tests::durable_run_start_roundtrip_replays_exact_objective_bytes
        PASS [   0.006s] codex-hepta-learning-ledger run_start::tests::exact_retry_is_idempotent_but_run_id_drift_conflicts
        PASS [   0.004s] codex-hepta-learning-ledger run_start::tests::objective_protocol_digest_mismatch_rejects_before_io
        PASS [   0.009s] codex-hepta-learning-ledger run_start::tests::incomplete_unacknowledged_tail_recovers_to_last_synced_frame
        PASS [   0.006s] codex-hepta-learning-ledger run_start::tests::objective_payload_digest_mismatch_rejects_before_io
        PASS [   0.005s] codex-hepta-learning-ledger run_start::tests::semantic_or_protocol_drift_after_reopen_conflicts
        PASS [   0.009s] codex-hepta-learning-ledger run_start::tests::predecessor_and_binding_are_fenced
        PASS [   0.003s] codex-hepta-learning-ledger segments::tests::crash_child
        PASS [   0.008s] codex-hepta-learning-ledger segments::tests::capacity_rejection_and_wrong_successor_never_mutate_the_owner
        PASS [   0.008s] codex-hepta-learning-ledger segments::tests::checkpoint_prevents_missing_empty_successor_and_seal_resurrection
        PASS [   0.007s] codex-hepta-learning-ledger segments::tests::cross_segment_causality_revocation_and_historical_retry_keep_one_identity
        PASS [   0.007s] codex-hepta-learning-ledger segments::tests::incomplete_final_frame_is_repaired_only_after_minimum_anchor_validation
        PASS [   0.004s] codex-hepta-learning-ledger segments::tests::reordered_history_wrong_limits_and_corruption_fail_without_repair
        PASS [   0.011s] codex-hepta-learning-ledger segments::tests::original_v1_and_segmented_v2_share_the_real_durable_port_not_a_fixture
        PASS [   0.010s] codex-hepta-learning-ledger segments::tests::process_exit_after_seal_or_successor_preserves_unknown_outcome_without_redispatch
        PASS [   0.006s] codex-hepta-learning-ledger segments::tests::witnessed_sealed_last_segment_can_rotate_but_never_append_after_restart
        PASS [   0.007s] codex-hepta-learning-ledger segments::tests::sealed_prefix_is_readable_while_the_new_segment_writer_remains_active
        PASS [   0.005s] codex-hepta-learning-ledger shadow_tests::bridge_recomputes_intuition_and_appends_complete_candidate_set
        PASS [   0.004s] codex-hepta-learning-ledger shadow_tests::caller_supplied_candidate_set_digest_drift_fails_closed
        PASS [   0.004s] codex-hepta-learning-ledger shadow_tests::low_confidence_is_logged_as_explicit_abstain_with_nonzero_propensity
        PASS [   0.006s] codex-hepta-learning-ledger shadow_tests::exact_shadow_replay_is_idempotent
        PASS [   0.016s] codex-hepta-learning-ledger shadow_tests::shadow_bridge_does_not_weaken_independent_terminal_outcome_rules
        PASS [   0.018s] codex-hepta-learning-ledger shadow_tests::reserved_abstain_cannot_be_smuggled_into_policy_candidates
        PASS [   0.050s] codex-hepta-learning-ledger signed_evidence::tests::observer_and_evaluator_require_pairwise_independence
        PASS [   0.090s] codex-hepta-learning-ledger signed_evidence::tests::distinct_keys_do_not_make_one_controller_independent
        PASS [   0.074s] codex-hepta-learning-ledger signed_evidence::tests::signed_evidence_binds_actual_bytes_and_credential_not_digest_claims
        PASS [   0.032s] codex-hepta-learning-ledger trust_distribution::tests::activated_distribution_expires_even_while_signer_evidence_is_valid
        PASS [   0.040s] codex-hepta-learning-ledger trust_distribution::tests::activated_distribution_retains_known_future_root_revocation
        PASS [   0.066s] codex-hepta-learning-ledger signed_evidence::tests::trust_epoch_revocation_scope_and_expiry_fail_closed
        PASS [   0.008s] codex-hepta-learning-ledger trust_distribution::tests::trust_distribution_rejects_retroactive_effective_time
        PASS [   0.012s] codex-hepta-learning-ledger trust_distribution::tests::trust_distribution_rejects_root_substitution_and_revocation
        PASS [   0.032s] codex-hepta-learning-ledger trust_distribution::tests::rotation_cannot_regress_the_actual_activation_clock
        PASS [   0.004s] codex-hepta-learning-ledger witness::tests::witness_advances_monotonically_and_recovers_exact_frontier
        PASS [   0.010s] codex-hepta-learning-ledger witness::tests::witness_rejects_skips_and_binding_mismatch
        PASS [   0.056s] codex-hepta-learning-ledger trust_distribution::tests::trust_distribution_rejects_bad_signature_generation_skips_and_epoch_rollback
        PASS [   0.004s] codex-hepta-shadow-qualification child_tests::persists_inbound_wire_before_rejecting_invalid_json
        PASS [   0.005s] codex-hepta-shadow-qualification driver_tests::app_and_mcp_fsm_persist_before_every_sample_write
        PASS [   0.062s] codex-hepta-learning-ledger trust_distribution::tests::trust_distribution_rotation_is_monotonic_and_content_addressed
        PASS [   0.019s] codex-hepta-shadow-qualification driver_tests::failed_pipe_write_keeps_durable_pre_send_and_poisoned_fsm
        PASS [   0.012s] codex-hepta-shadow-qualification durable_tests::rejects_group_or_other_runtime_permissions
        PASS [   0.013s] codex-hepta-shadow-qualification importer_tests::imports_exactly_four_artifacts_and_writes_a_checkpoint
        PASS [   0.066s] codex-hepta-shadow-qualification child_tests::drains_and_bounds_stderr_while_hashing_the_full_stream
        PASS [   0.007s] codex-hepta-shadow-qualification loopback_tests::persists_exact_http_requests_and_responses
        PASS [   0.022s] codex-hepta-shadow-qualification importer_tests::inventories_all_broken_samples_before_checkpointing_failure
        PASS [   0.009s] codex-hepta-shadow-qualification observer_tests::rejects_noncanonical_input_before_writing_an_artifact
        PASS [   0.005s] codex-hepta-shadow-qualification observer_tests::rejects_out_of_order_or_incomplete_runs_without_minting_tokens
        PASS [   0.006s] codex-hepta-shadow-qualification observer_tests::returns_tokens_only_after_four_private_durable_pairs
        PASS [   0.003s] codex-hepta-shadow-qualification oracle_tests::rejects_nonofficial_or_mutated_oracle_bytes
        PASS [   0.009s] codex-hepta-shadow-qualification oracle_tests::loads_the_embedded_frozen_oracle
        PASS [   0.974s] codex-hepta-learning-artifacts owner_host::tests::owner_host_process_kill_reopen_matrix
        PASS [   0.007s] codex-hepta-shadow-qualification product_receipts_tests::validates_exact_row_and_rejects_index_drift
        PASS [   0.003s] codex-hepta-shadow-qualification request_tests::parses_the_frozen_app_server_pair
        PASS [   0.003s] codex-hepta-shadow-qualification request_tests::parses_the_frozen_mcp_pair
        PASS [   0.003s] codex-hepta-shadow-qualification request_tests::rejects_noncanonical_or_multiline_requests
        PASS [   0.014s] codex-hepta-shadow-qualification report_tests::writes_an_exact_report_with_no_authority
        PASS [   0.016s] codex-hepta-shadow-qualification report_tests::inventories_import_semantic_duplicate_and_missing_failures
        PASS [   0.005s] codex-hepta-shadow-qualification runtime_tests::rejects_an_unpinned_product_binary
        PASS [   0.009s] codex-hepta-shadow-qualification runtime_tests::creates_private_surface_layouts_and_strict_configs
        PASS [   0.009s] codex-hepta-shadow-qualification sealer_tests::seals_a_complete_checkpoint_with_every_gate_disabled
        PASS [   0.015s] codex-hepta-shadow-qualification sealer_tests::rejects_a_checkpoint_changed_before_sealing
        PASS [   0.005s] codex-hepta-shadow-qualification semantic_verifier_tests::normalizes_dynamic_identity_and_matches_oracle_bytes
        PASS [   0.003s] codex-hepta-shadow-qualification session_tests::extracts_only_bounded_dynamic_identifiers
        PASS [   0.008s] codex-hepta-shadow-qualification semantic_verifier_tests::rejects_semantic_or_identity_divergence
        PASS [   0.017s] codex-hepta-shadow-qualification sealer_tests::seals_a_failed_checkpoint_without_losing_failures
        PASS [   0.018s] codex-hepta-shadow-qualification session_tests::requires_an_explicit_response_result
        PASS [   0.014s] codex-hepta-shadow-qualification trial_tests::rejects_an_unbounded_trial_before_creating_runtime_state
        PASS [   0.005s] codex-hepta-shadow-qualification value_learning_tests::objective_to_ndu_to_independent_learning_ledger_is_replayable_and_revocable
        PASS [   0.020s] codex-hepta-shadow-qualification transport_tests::detects_transport_artifact_changes_after_capture
        PASS [   0.008s] codex-hepta-types bounded::tests::borrowed_constructors_validate_before_copy_and_count_utf8_bytes
        PASS [   0.004s] codex-hepta-types bounded::tests::empty_nul_and_zero_maximum_fail_closed
        PASS [   0.005s] codex-hepta-types bounded::tests::text_and_bytes_enforce_exact_bound
        PASS [   0.004s] codex-hepta-types canonical_digest::tests::canonical_byte_validator_rejects_invalid_bool_and_unknown_tag
        PASS [   0.005s] codex-hepta-types canonical_digest::tests::canonical_byte_validator_accepts_frozen_bytes_and_returns_same_digest
        PASS [   0.005s] codex-hepta-types canonical_digest::tests::canonical_byte_validator_rejects_truncation_and_trailing_bytes
        PASS [   0.003s] codex-hepta-types canonical_digest::tests::canonical_container_depth_is_exactly_bounded
        PASS [   0.006s] codex-hepta-types canonical_digest::tests::canonical_v1_does_not_apply_unicode_normalization
        PASS [   0.003s] codex-hepta-types canonical_digest::tests::field_and_map_order_are_canonical_but_array_order_is_semantic
        PASS [   0.004s] codex-hepta-types canonical_digest::tests::frozen_cross_language_vector_matches_exact_bytes_and_digest
        PASS [   0.009s] codex-hepta-types canonical_digest::tests::malformed_canonical_inputs_fail_closed
        PASS [   0.012s] codex-hepta-types canonical_digest::tests::integer_boundaries_unicode_and_empty_containers_are_frozen
        PASS [   0.005s] codex-hepta-types digest::stream_tests::stream_error_never_returns_a_partial_digest
        PASS [   0.008s] codex-hepta-types digest::stream_tests::unbounded_reader_stops_after_one_overflow_byte
        PASS [   0.864s] codex-hepta-learning-ledger checkpoint::tests::checkpoint_is_content_addressed_and_supports_binary_lookup
        PASS [   0.020s] codex-hepta-types digest::stream_tests::bounded_stream_digest_matches_bytes_at_buffer_boundaries
        PASS [   0.007s] codex-hepta-types digest::tests::digest_parser_deterministic_fuzz_corpus_is_total_and_strict
        PASS [   0.003s] codex-hepta-types digest::tests::sha256_round_trip_is_canonical
        PASS [   0.004s] codex-hepta-types digest::tests::multipart_hash_matches_exact_concatenation
        PASS [   0.004s] codex-hepta-types fixed::tests::arithmetic_boundaries_reject_overflow_and_division_by_zero
        PASS [   0.003s] codex-hepta-types fixed::tests::checked_arithmetic_rejects_overflow_and_zero_division
        PASS [   0.007s] codex-hepta-types digest::tests::uppercase_and_wrong_length_fail_closed
        PASS [   0.004s] codex-hepta-types fixed::tests::explicit_toward_zero_methods_match_legacy_compatibility_methods
        PASS [   0.003s] codex-hepta-types fixed::tests::multiplication_and_division_are_deterministic
        PASS [   0.003s] codex-hepta-types identity::tests::authority_posture_rejects_grants_at_raw_wire_ingress
        PASS [   0.005s] codex-hepta-types fixed::tests::probability_and_clamp_fail_closed
        PASS [   0.004s] codex-hepta-types identity::tests::authority_flags_round_trip_only_as_untrusted_wire_bits
        PASS [   0.003s] codex-hepta-types identity::tests::id_profiles_and_namespaces_are_explicit_and_canonical
        PASS [   0.003s] codex-hepta-types identity::tests::stable_id_and_generation_are_strict
        PASS [   0.003s] codex-hepta-types identity::tests::owned_stable_id_discards_spare_capacity_without_changing_admission
        PASS [   0.005s] codex-hepta-types identity::tests::identity_bounds_and_monotonic_overflow_fail_closed
        PASS [   0.005s] codex-hepta-types identity::tests::non_authorizing_posture_is_structurally_deny_only
        PASS [   0.003s] codex-hepta-types numeric_conversion::tests::checked_scaling_rejects_overflow_without_mutating_input
        PASS [   0.004s] codex-hepta-types numeric_conversion::tests::digest_binds_numerical_profile_shape_range_units_and_normalization
        PASS [   0.003s] codex-hepta-types numeric_conversion::tests::incompatible_units_normalization_shape_and_ranges_reject
        PASS [   0.007s] codex-hepta-types identity::tests::stable_profile_exhaustively_matches_the_v1_ascii_alphabet
        PASS [   0.003s] codex-hepta-types numeric_conversion::tests::ppm_q24_roundtrip_reports_exact_error_instead_of_byte_equality
        PASS [   0.011s] codex-hepta-types identity::tests::stable_profile_deterministic_fuzz_corpus_matches_borrowed_validation
        PASS [   0.006s] codex-hepta-types numeric_conversion::tests::malformed_shape_and_unknown_profile_cannot_enter_conversion
        PASS [   0.005s] codex-hepta-types numeric_conversion::tests::q24_to_q32_is_exact_and_legacy_multiply_keeps_toward_zero
        PASS [   0.003s] codex-hepta-types numeric_conversion::tests::registered_conversion_requires_normalization_and_both_profile_definitions
        PASS [   0.004s] codex-hepta-types numeric_conversion::tests::signed_half_ties_round_to_even_target_bins
        PASS [   0.003s] codex-hepta-types numeric_profile::tests::profile_definition_binds_identity_version_scale_and_rounding
        PASS [   0.004s] codex-hepta-types numeric_profile::tests::q32_raw_scale_compatibility_does_not_imply_arithmetic_compatibility
        PASS [   0.003s] codex-hepta-types prompt_delivery::tests::delivered_and_rejected_are_mutually_exclusive
        PASS [   0.003s] codex-hepta-types prompt_delivery::tests::token_positions_are_optional_bounded_and_canonical
        PASS [   0.003s] codex-hepta-types registry::tests::definition_kind_is_bound_to_identifier_namespace
        PASS [   0.006s] codex-hepta-types prompt_delivery::tests::rejection_reason_is_open_but_bounded
        PASS [   0.006s] codex-hepta-types prompt_delivery::tests::semantic_digest_is_deterministic_and_field_complete
        PASS [   0.003s] codex-hepta-types registry::tests::immutable_registry_resolves_exact_definition_and_numeric_profile
        PASS [   0.003s] codex-hepta-types topology::tests::related_module_bounds_are_checked_before_digest_allocation
        PASS [   0.003s] codex-hepta-types topology::tests::selected_digest_cannot_hide_substituted_delta_content
        PASS [   0.003s] codex-hepta-types topology::tests::split_requires_individually_bound_add_participants
        PASS [   0.172s] codex-hepta-shadow-qualification lane_e_closure_tests::lane_e_causal_candidate_chain_is_digest_bound_and_deny_all
        PASS [   0.011s] codex-hepta-types registry::tests::registry_digest_is_insertion_order_independent_and_definition_sensitive
        PASS [   0.014s] codex-hepta-types registry::tests::registry_rejects_duplicate_identity_profile_version_capacity_and_aggregate_bytes
        PASS [   1.014s] codex-hepta-learning-ledger segments::tests::history_exceeds_v1_record_capacity_without_resetting_chain_or_limits
        PASS [   1.639s] codex-hepta-learning-ledger checkpoint::tests::recovery_work_receipt_covers_full_single_segment_record_profile
        PASS [   3.094s] codex-hepta-learning-ledger production::tests::product_writer_history_growth_keeps_exact_retry_and_witness_after_reopen
────────────
     Summary [   6.152s] 811 tests run: 811 passed, 4 skipped
